idx,selected,selection_arms,topology_id,topology_name,base_id,base_family,base_seed,rewire_seed,n_nodes,n_edges,p,edge_json,cluster_edge_json,d_rel,rank_D,effective_rank_D,condition_number_D,condition_number_D_log,root_tree_count_gini,edge_participation_gini,bottleneck_edge_fraction_095,mean_shortest_path,in_degree_sequence,out_degree_sequence,in_degree_cv,out_degree_cv,n_trees_total_enum,n_trees_total_enum_log,normal_fan_branch_root_nmi_mean,normal_fan_branch_tree_nmi_mean,normal_fan_active_tree_count_mean,normal_fan_branch_active_tree_count_min_mean,normal_fan_score,normal_fan_score_within_base_z,tree_count_within_base_z,cross_contrast_effective_rank_mean,cross_all_supported_effective_rank
24,1,arm_B_low_tree_count,mb0024_base00_degree_balanced_seed9_rw1302872,multibase_base00_degree_balanced_seed9_rewire_seed1302872,base00_degree_balanced_seed9,degree_balanced,9,1302872,5,12,8,topologies/mb0024_base00_degree_balanced_seed9_rw1302872.json,/home/aadarwal/repos/topology/ICL/results/next_phase_stats/multibase_normal_fan_tree_count_n5_m12_N3_D2/topologies/mb0024_base00_degree_balanced_seed9_rw1302872.json,88,11,8.643103571484446,3.774924366540239,0.5769082546345372,0.0,0.16153846153846163,0.0,1.4,3 2 2 3 2,3 2 2 3 2,0.2041241452319315,0.2041241452319315,65,1.8129133566428555,0.016068552837091455,0.11312107399256238,53.75,37.375,0.741350561401476,-0.0775803357616626,-0.8893947957397399,8.763063669735347,8.763063669735347
44,1,arm_A_high_normal_fan,mb0044_base00_degree_balanced_seed9_rw6871406,multibase_base00_degree_balanced_seed9_rewire_seed6871406,base00_degree_balanced_seed9,degree_balanced,9,6871406,5,12,8,topologies/mb0044_base00_degree_balanced_seed9_rw6871406.json,/home/aadarwal/repos/topology/ICL/results/next_phase_stats/multibase_normal_fan_tree_count_n5_m12_N3_D2/topologies/mb0044_base00_degree_balanced_seed9_rw6871406.json,88,11,8.902336600579169,2.926681858905407,0.46637551559019685,0.0,0.13750000000000018,0.0,1.4,3 2 2 3 2,3 2 2 3 2,0.2041241452319315,0.2041241452319315,80,1.9030899869919435,0.017207030603150493,0.12206058721190732,63.875,42.125,4.685491951404499,1.5901992220246266,0.6119164889003583,9.079538102084719,9.079538102084719
54,1,arm_A_low_normal_fan;arm_B_high_tree_count,mb0054_base00_degree_balanced_seed9_rw1374497,multibase_base00_degree_balanced_seed9_rewire_seed1374497,base00_degree_balanced_seed9,degree_balanced,9,1374497,5,12,8,topologies/mb0054_base00_degree_balanced_seed9_rw1374497.json,/home/aadarwal/repos/topology/ICL/results/next_phase_stats/multibase_normal_fan_tree_count_n5_m12_N3_D2/topologies/mb0054_base00_degree_balanced_seed9_rw1374497.json,88,11,8.902336600579169,2.9266818589054067,0.4663755155901968,0.0,0.13750000000000018,0.0,1.4,3 2 2 3 2,3 2 2 3 2,0.2041241452319315,0.2041241452319315,80,1.9030899869919435,0.012334280158827125,0.09186021874414435,57.5,39.625,-0.3967788107611052,-0.5588381592818894,0.6119164889003583,9.079538102084724,9.079538102084724
57,1,arm_B_low_tree_count,mb0057_base00_degree_balanced_seed9_rw9741299,multibase_base00_degree_balanced_seed9_rewire_seed9741299,base00_degree_balanced_seed9,degree_balanced,9,9741299,5,12,8,topologies/mb0057_base00_degree_balanced_seed9_rw9741299.json,/home/aadarwal/repos/topology/ICL/results/next_phase_stats/multibase_normal_fan_tree_count_n5_m12_N3_D2/topologies/mb0057_base00_degree_balanced_seed9_rw9741299.json,88,11,8.643103571484446,3.77492436654024,0.5769082546345373,0.0,0.16153846153846163,0.0,1.4,3 2 2 3 2,3 2 2 3 2,0.2041241452319315,0.2041241452319315,65,1.8129133566428555,0.026858528803901598,0.10808504145783067,52.625,35.625,-0.5024625441079995,-0.6035265090741245,-0.8893947957397399,8.763063669735343,8.763063669735343
70,1,arm_B_high_tree_count,mb0070_base00_degree_balanced_seed9_rw7728494,multibase_base00_degree_balanced_seed9_rewire_seed7728494,base00_degree_balanced_seed9,degree_balanced,9,7728494,5,12,8,topologies/mb0070_base00_degree_balanced_seed9_rw7728494.json,/home/aadarwal/repos/topology/ICL/results/next_phase_stats/multibase_normal_fan_tree_count_n5_m12_N3_D2/topologies/mb0070_base00_degree_balanced_seed9_rw7728494.json,88,11,8.902336600579165,2.9266818589054067,0.4663755155901968,0.0,0.13750000000000018,0.0,1.4,3 2 2 3 2,3 2 2 3 2,0.2041241452319315,0.2041241452319315,80,1.9030899869919435,0.01690883694786246,0.09614694749828166,60.25,40.25,0.6888846348117833,-0.09976554445331617,0.6119164889003583,9.079538102084724,9.079538102084724
80,1,arm_B_low_tree_count,mb0080_base01_degree_balanced_seed60_rw6405499,multibase_base01_degree_balanced_seed60_rewire_seed6405499,base01_degree_balanced_seed60,degree_balanced,60,6405499,5,12,8,topologies/mb0080_base01_degree_balanced_seed60_rw6405499.json,/home/aadarwal/repos/topology/ICL/results/next_phase_stats/multibase_normal_fan_tree_count_n5_m12_N3_D2/topologies/mb0080_base01_degree_balanced_seed60_rw6405499.json,88,11,8.37018811205242,4.226698292783317,0.6260012484309156,0.20625000000000004,0.10091145833333348,0.0,1.4,3 3 2 2 2,2 2 3 3 2,0.2041241452319315,0.2041241452319315,64,1.806179973983887,0.021552697445722458,0.10744855330234646,52.875,36.375,-0.3171635442594834,-0.9926337387159299,-1.7485707912682338,8.465190945476435,8.465190945476435
81,1,arm_A_low_normal_fan,mb0081_base01_degree_balanced_seed60_rw3246462,multibase_base01_degree_balanced_seed60_rewire_seed3246462,base01_degree_balanced_seed60,degree_balanced,60,3246462,5,12,8,topologies/mb0081_base01_degree_balanced_seed60_rw3246462.json,/home/aadarwal/repos/topology/ICL/results/next_phase_stats/multibase_normal_fan_tree_count_n5_m12_N3_D2/topologies/mb0081_base01_degree_balanced_seed60_rw3246462.json,88,11,8.638494612577873,3.713980153464154,0.5698395786541568,0.17142857142857149,0.11130952380952408,0.0,1.4,3 3 2 2 2,2 2 3 3 2,0.2041241452319315,0.2041241452319315,70,1.845098040014257,0.016852592728729174,0.1025971343438212,53.875,35.125,-1.0660609236214766,-1.357741507099347,-0.9192481211282328,8.7649532588598,8.7649532588598
87,1,arm_A_high_normal_fan,mb0087_base01_degree_balanced_seed60_rw55816,multibase_base01_degree_balanced_seed60_rewire_seed55816,base01_degree_balanced_seed60,degree_balanced,60,55816,5,12,8,topologies/mb0087_base01_degree_balanced_seed60_rw55816.json,/home/aadarwal/repos/topology/ICL/results/next_phase_stats/multibase_normal_fan_tree_count_n5_m12_N3_D2/topologies/mb0087_base01_degree_balanced_seed60_rw55816.json,88,11,8.881779689077776,3.5951021750373733,0.5557112378132949,0.1523809523809525,0.12053571428571441,0.0,1.4,3 3 2 2 2,2 2 3 3 2,0.2041241452319315,0.2041241452319315,84,1.9242792860618816,0.01763424239234297,0.1215193484166478,64.875,43.0,5.033892978139332,1.6161513354833978,0.7680608614400471,9.068374276555069,9.068374276555069
100,1,arm_A_high_normal_fan,mb0100_base01_degree_balanced_seed60_rw5708776,multibase_base01_degree_balanced_seed60_rewire_seed5708776,base01_degree_balanced_seed60,degree_balanced,60,5708776,5,12,8,topologies/mb0100_base01_degree_balanced_seed60_rw5708776.json,/home/aadarwal/repos/topology/ICL/results/next_phase_stats/multibase_normal_fan_tree_count_n5_m12_N3_D2/topologies/mb0100_base01_degree_balanced_seed60_rw5708776.json,88,11,8.726496322445016,3.7046956692780286,0.5687525376644034,0.17222222222222228,0.11689814814814836,0.0,1.4,3 3 2 2 2,2 2 3 3 2,0.2041241452319315,0.2041241452319315,72,1.8573324964312685,0.0160670063095869,0.1214838228116477,59.5,39.375,3.145477344155742,0.6954975357712299,-0.658538556178376,8.854682394291865,8.854682394291865
122,1,arm_A_low_normal_fan;arm_B_high_tree_count,mb0122_base01_degree_balanced_seed60_rw5473513,multibase_base01_degree_balanced_seed60_rewire_seed5473513,base01_degree_balanced_seed60,degree_balanced,60,5473513,5,12,8,topologies/mb0122_base01_degree_balanced_seed60_rw5473513.json,/home/aadarwal/repos/topology/ICL/results/next_phase_stats/multibase_normal_fan_tree_count_n5_m12_N3_D2/topologies/mb0122_base01_degree_balanced_seed60_rw5473513.json,88,11,8.930546718084331,3.528172138989255,0.5475497661393126,0.14634146341463428,0.128048780487805,0.0,1.4,3 3 2 2 2,2 2 3 3 2,0.2041241452319315,0.2041241452319315,82,1.9138138523837167,0.012905405553780211,0.09654138469548026,57.5,38.25,-0.2734139993770973,-0.9713046499248777,0.545048202091149,9.102647298864992,9.10264729886499
127,1,arm_B_high_tree_count,mb0127_base01_degree_balanced_seed60_rw7026294,multibase_base01_degree_balanced_seed60_rewire_seed7026294,base01_degree_balanced_seed60,degree_balanced,60,7026294,5,12,8,topologies/mb0127_base01_degree_balanced_seed60_rw7026294.json,/home/aadarwal/repos/topology/ICL/results/next_phase_stats/multibase_normal_fan_tree_count_n5_m12_N3_D2/topologies/mb0127_base01_degree_balanced_seed60_rw7026294.json,88,11,9.021500920659584,3.425424050172152,0.5347143426168073,0.1955555555555557,0.1087962962962965,0.0,1.4,3 3 2 2 2,2 2 3 3 2,0.2041241452319315,0.2041241452319315,90,1.954242509439325,0.020152734591462523,0.10990989246026507,61.875,39.875,2.3673222068015893,0.3161258174491443,1.406560739568408,9.204977095061963,9.204977095061963
143,1,arm_B_low_tree_count,mb0143_base01_degree_balanced_seed60_rw4718007,multibase_base01_degree_balanced_seed60_rewire_seed4718007,base01_degree_balanced_seed60,degree_balanced,60,4718007,5,12,8,topologies/mb0143_base01_degree_balanced_seed60_rw4718007.json,/home/aadarwal/repos/topology/ICL/results/next_phase_stats/multibase_normal_fan_tree_count_n5_m12_N3_D2/topologies/mb0143_base01_degree_balanced_seed60_rw4718007.json,88,11,8.726496322445016,3.704695669278028,0.5687525376644033,0.17222222222222228,0.11689814814814836,0.0,1.4,3 3 2 2 2,2 2 3 3 2,0.2041241452319315,0.2041241452319315,72,1.8573324964312685,0.021034224946240986,0.11013610124268941,59.0,41.75,2.490992627926562,0.37641849935229554,-0.658538556178376,8.854682394291869,8.854682394291869
164,1,arm_A_low_normal_fan,mb0164_base02_random_sc_seed2_rw2626549,multibase_base02_random_sc_seed2_rewire_seed2626549,base02_random_sc_seed2,random_sc,2,2626549,5,12,8,topologies/mb0164_base02_random_sc_seed2_rw2626549.json,/home/aadarwal/repos/topology/ICL/results/next_phase_stats/multibase_normal_fan_tree_count_n5_m12_N3_D2/topologies/mb0164_base02_random_sc_seed2_rw2626549.json,88,11,8.37144417124772,5.8619296700588555,0.7680406035789469,0.4484848484848485,0.1875,0.0,1.55,1 1 4 3 3,4 2 1 2 3,0.5000000000000001,0.4249182927993988,66,1.8195439355418688,0.012478517275399998,0.08260409019244937,47.5,33.875,-4.64696533079197,-3.613085852631446,1.1934162828796764,8.358803663697673,8.358803663697673
219,1,arm_A_high_normal_fan,mb0219_base02_random_sc_seed2_rw2997037,multibase_base02_random_sc_seed2_rewire_seed2997037,base02_random_sc_seed2,random_sc,2,2997037,5,12,8,topologies/mb0219_base02_random_sc_seed2_rw2997037.json,/home/aadarwal/repos/topology/ICL/results/next_phase_stats/multibase_normal_fan_tree_count_n5_m12_N3_D2/topologies/mb0219_base02_random_sc_seed2_rw2997037.json,88,11,8.371444171247724,5.861929670058849,0.7680406035789464,0.4484848484848485,0.1875,0.0,1.55,1 1 4 3 3,4 2 1 2 3,0.5000000000000001,0.4249182927993988,66,1.8195439355418688,0.028540185683700366,0.11835119053939402,53.875,36.5,1.090372498897572,2.3371064403755537,1.1934162828796764,8.358803663697676,8.358803663697676
243,1,arm_B_low_tree_count,mb0243_base03_random_sc_seed92_rw8028881,multibase_base03_random_sc_seed92_rewire_seed8028881,base03_random_sc_seed92,random_sc,92,8028881,5,12,8,topologies/mb0243_base03_random_sc_seed92_rw8028881.json,/home/aadarwal/repos/topology/ICL/results/next_phase_stats/multibase_normal_fan_tree_count_n5_m12_N3_D2/topologies/mb0243_base03_random_sc_seed92_rw8028881.json,88,11,8.448309198375274,4.919916399352158,0.6919577231721344,0.40000000000000013,0.16944444444444406,0.0,1.5,3 2 3 2 2,1 2 3 3 3,0.2041241452319315,0.33333333333333337,60,1.7781512503836436,0.021104100233942023,0.11296243066494888,50.5,34.375,-0.6502190404152624,0.167454851071348,-0.871885382845656,8.422704235899515,8.422704235899513
250,1,arm_B_high_tree_count,mb0250_base03_random_sc_seed92_rw5413294,multibase_base03_random_sc_seed92_rewire_seed5413294,base03_random_sc_seed92,random_sc,92,5413294,5,12,8,topologies/mb0250_base03_random_sc_seed92_rw5413294.json,/home/aadarwal/repos/topology/ICL/results/next_phase_stats/multibase_normal_fan_tree_count_n5_m12_N3_D2/topologies/mb0250_base03_random_sc_seed92_rw5413294.json,88,11,8.971047283620495,3.7114833653366297,0.5695475184091942,0.2789473684210526,0.16502192982456143,0.0,1.45,3 2 3 2 2,1 2 3 3 3,0.2041241452319315,0.33333333333333337,76,1.8808135922807914,0.017871257589661772,0.08859179502721516,57.125,40.25,-0.6382110655748857,0.1734330230191896,1.2874949775478248,9.11364343546026,9.113643435460258
285,1,arm_A_low_normal_fan,mb0285_base03_random_sc_seed92_rw6124706,multibase_base03_random_sc_seed92_rewire_seed6124706,base03_random_sc_seed92,random_sc,92,6124706,5,12,8,topologies/mb0285_base03_random_sc_seed92_rw6124706.json,/home/aadarwal/repos/topology/ICL/results/next_phase_stats/multibase_normal_fan_tree_count_n5_m12_N3_D2/topologies/mb0285_base03_random_sc_seed92_rw6124706.json,88,11,8.58372853448984,4.051767469373058,0.6076445132761227,0.3111111111111111,0.17592592592592604,0.0,1.45,3 2 3 2 2,1 2 3 3 3,0.2041241452319315,0.33333333333333337,63,1.7993405494535817,0.020208053065567434,0.09047719833443832,49.25,33.0,-3.7512877695939393,-1.3764126479484409,-0.42619365775362095,8.612885166798343,8.612885166798343
317,1,arm_A_high_normal_fan,mb0317_base03_random_sc_seed92_rw5450770,multibase_base03_random_sc_seed92_rewire_seed5450770,base03_random_sc_seed92,random_sc,92,5450770,5,12,8,topologies/mb0317_base03_random_sc_seed92_rw5450770.json,/home/aadarwal/repos/topology/ICL/results/next_phase_stats/multibase_normal_fan_tree_count_n5_m12_N3_D2/topologies/mb0317_base03_random_sc_seed92_rw5450770.json,88,11,8.634931625584969,3.8437204280725084,0.584751791857877,0.29538461538461536,0.1839743589743592,0.0,1.45,3 2 3 2 2,1 2 3 3 3,0.2041241452319315,0.33333333333333337,65,1.8129133566428555,0.022315307702014155,0.11535028980113465,53.625,35.875,0.5355398958514027,0.757785102751785,-0.14070578811892742,8.69593343999965,8.69593343999965
331,1,arm_A_low_normal_fan,mb0331_base04_cycle_chords_seed41_rw5585230,multibase_base04_cycle_chords_seed41_rewire_seed5585230,base04_cycle_chords_seed41,cycle_chords,41,5585230,5,12,8,topologies/mb0331_base04_cycle_chords_seed41_rw5585230.json,/home/aadarwal/repos/topology/ICL/results/next_phase_stats/multibase_normal_fan_tree_count_n5_m12_N3_D2/topologies/mb0331_base04_cycle_chords_seed41_rw5585230.json,88,11,8.376594942237352,9.086442698523939,0.9583938921575036,0.5055555555555555,0.10821759259259278,0.0,1.6,1 4 4 2 1,3 1 2 3 3,0.5651941652604391,0.33333333333333337,72,1.8573324964312685,0.021011109852400626,0.09298428537759171,55.625,36.5,-1.4684483833378281,-2.589591940988413,-0.9276125895432155,8.262537677266003,8.262537677266003
347,1,arm_A_low_normal_fan,mb0347_base04_cycle_chords_seed41_rw3434009,multibase_base04_cycle_chords_seed41_rewire_seed3434009,base04_cycle_chords_seed41,cycle_chords,41,3434009,5,12,8,topologies/mb0347_base04_cycle_chords_seed41_rw3434009.json,/home/aadarwal/repos/topology/ICL/results/next_phase_stats/multibase_normal_fan_tree_count_n5_m12_N3_D2/topologies/mb0347_base04_cycle_chords_seed41_rw3434009.json,88,11,8.476975909374497,9.374335166586281,0.9719404770694849,0.5076923076923077,0.08012820512820507,0.0,1.6,1 4 4 2 1,3 1 2 3 3,0.5651941652604391,0.33333333333333337,78,1.8920946026904804,0.011719457139256265,0.09790659703773483,59.625,38.75,0.3532119162870548,-1.0172925232616055,1.0780362527123857,8.35060360430428,8.35060360430428
354,1,arm_A_high_normal_fan,mb0354_base04_cycle_chords_seed41_rw7178112,multibase_base04_cycle_chords_seed41_rewire_seed7178112,base04_cycle_chords_seed41,cycle_chords,41,7178112,5,12,8,topologies/mb0354_base04_cycle_chords_seed41_rw7178112.json,/home/aadarwal/repos/topology/ICL/results/next_phase_stats/multibase_normal_fan_tree_count_n5_m12_N3_D2/topologies/mb0354_base04_cycle_chords_seed41_rw7178112.json,88,11,8.376594942237352,9.086442698523944,0.9583938921575038,0.5055555555555555,0.10821759259259278,0.0,1.6,1 4 4 2 1,3 1 2 3 3,0.5651941652604391,0.33333333333333337,72,1.8573324964312685,0.02111003210959439,0.11316264892742439,59.625,40.0,2.4178254002987964,0.7647030438652809,-0.9276125895432155,8.262537677266009,8.262537677266007
381,1,arm_A_high_normal_fan,mb0381_base04_cycle_chords_seed41_rw1669227,multibase_base04_cycle_chords_seed41_rewire_seed1669227,base04_cycle_chords_seed41,cycle_chords,41,1669227,5,12,8,topologies/mb0381_base04_cycle_chords_seed41_rw1669227.json,/home/aadarwal/repos/topology/ICL/results/next_phase_stats/multibase_normal_fan_tree_count_n5_m12_N3_D2/topologies/mb0381_base04_cycle_chords_seed41_rw1669227.json,88,11,8.476975909374497,9.374335166586382,0.9719404770694896,0.5076923076923077,0.08012820512820507,0.0,1.6,1 4 4 2 1,3 1 2 3 3,0.5651941652604391,0.33333333333333337,78,1.8920946026904804,0.01788703552171126,0.12180466460119255,63.125,42.375,4.61324931941978,2.659602850601058,1.0780362527123857,8.350603604304277,8.350603604304277
401,1,arm_B_low_tree_count,mb0401_base05_redundant_paths_seed1_rw2474930,multibase_base05_redundant_paths_seed1_rewire_seed2474930,base05_redundant_paths_seed1,redundant_paths,1,2474930,5,12,8,topologies/mb0401_base05_redundant_paths_seed1_rw2474930.json,/home/aadarwal/repos/topology/ICL/results/next_phase_stats/multibase_normal_fan_tree_count_n5_m12_N3_D2/topologies/mb0401_base05_redundant_paths_seed1_rw2474930.json,88,11,8.809708901937443,3.577730607054506,0.5536076363223801,0.17142857142857149,0.12716450216450226,0.0,1.4,2 2 3 3 2,3 3 2 2 2,0.2041241452319315,0.2041241452319315,77,1.8864907251724818,0.01581750275328598,0.11884966093720253,61.25,39.75,3.2315556522193387,0.6952666997414166,-0.14544279414122444,8.963236268649782,8.963236268649784
408,1,arm_B_low_tree_count,mb0408_base05_redundant_paths_seed1_rw3958626,multibase_base05_redundant_paths_seed1_rewire_seed3958626,base05_redundant_paths_seed1,redundant_paths,1,3958626,5,12,8,topologies/mb0408_base05_redundant_paths_seed1_rw3958626.json,/home/aadarwal/repos/topology/ICL/results/next_phase_stats/multibase_normal_fan_tree_count_n5_m12_N3_D2/topologies/mb0408_base05_redundant_paths_seed1_rw3958626.json,88,11,8.638494612577873,3.7139801534641514,0.5698395786541565,0.17142857142857149,0.11130952380952408,0.0,1.4,2 2 3 3 2,3 3 2 2 2,0.2041241452319315,0.2041241452319315,70,1.845098040014257,0.02182940934794146,0.12031685176148091,56.25,36.875,1.7864624290304016,-0.02068182223197426,-1.0743224960300026,8.7649532588598,8.7649532588598
422,1,arm_B_high_tree_count,mb0422_base05_redundant_paths_seed1_rw5618073,multibase_base05_redundant_paths_seed1_rewire_seed5618073,base05_redundant_paths_seed1,redundant_paths,1,5618073,5,12,8,topologies/mb0422_base05_redundant_paths_seed1_rw5618073.json,/home/aadarwal/repos/topology/ICL/results/next_phase_stats/multibase_normal_fan_tree_count_n5_m12_N3_D2/topologies/mb0422_base05_redundant_paths_seed1_rw5618073.json,88,11,8.930546718084331,3.528172138989254,0.5475497661393125,0.14634146341463428,0.128048780487805,0.0,1.4,2 2 3 3 2,3 3 2 2 2,0.2041241452319315,0.2041241452319315,82,1.9138138523837167,0.012678321285221741,0.10394742203730994,60.375,40.875,1.7597991728217748,-0.03389170970998674,0.46770656211883693,9.102647298864987,9.102647298864987
429,1,arm_A_high_normal_fan,mb0429_base05_redundant_paths_seed1_rw2766586,multibase_base05_redundant_paths_seed1_rewire_seed2766586,base05_redundant_paths_seed1,redundant_paths,1,2766586,5,12,8,topologies/mb0429_base05_redundant_paths_seed1_rw2766586.json,/home/aadarwal/repos/topology/ICL/results/next_phase_stats/multibase_normal_fan_tree_count_n5_m12_N3_D2/topologies/mb0429_base05_redundant_paths_seed1_rw2766586.json,88,11,9.030370659559935,3.3390188131595377,0.5236188660230311,0.14222222222222225,0.11759259259259247,0.0,1.4,2 2 3 3 2,3 3 2 2 2,0.2041241452319315,0.2041241452319315,90,1.954242509439325,0.023410560517137795,0.13549861921158374,68.125,42.25,6.879477559985576,2.502571762300777,1.3749528248347755,9.210981847615384,9.210981847615383
444,1,arm_A_high_normal_fan,mb0444_base05_redundant_paths_seed1_rw3112337,multibase_base05_redundant_paths_seed1_rewire_seed3112337,base05_redundant_paths_seed1,redundant_paths,1,3112337,5,12,8,topologies/mb0444_base05_redundant_paths_seed1_rw3112337.json,/home/aadarwal/repos/topology/ICL/results/next_phase_stats/multibase_normal_fan_tree_count_n5_m12_N3_D2/topologies/mb0444_base05_redundant_paths_seed1_rw3112337.json,88,11,8.923978353265884,3.5835879080300272,0.5543180624972252,0.15000000000000013,0.12187499999999951,0.0,1.4,2 2 3 3 2,3 3 2 2 2,0.2041241452319315,0.2041241452319315,80,1.9030899869919435,0.016469014004163653,0.11672093087206731,62.125,40.25,3.274699160944683,0.7166414669944894,0.22705580824460286,9.069864793201104,9.069864793201102
455,1,arm_A_low_normal_fan;arm_B_high_tree_count,mb0455_base05_redundant_paths_seed1_rw6331647,multibase_base05_redundant_paths_seed1_rewire_seed6331647,base05_redundant_paths_seed1,redundant_paths,1,6331647,5,12,8,topologies/mb0455_base05_redundant_paths_seed1_rw6331647.json,/home/aadarwal/repos/topology/ICL/results/next_phase_stats/multibase_normal_fan_tree_count_n5_m12_N3_D2/topologies/mb0455_base05_redundant_paths_seed1_rw6331647.json,88,11,9.030370659559939,3.3390188131595395,0.5236188660230313,0.14222222222222225,0.11759259259259247,0.0,1.4,2 2 3 3 2,3 3 2 2 2,0.2041241452319315,0.2041241452319315,90,1.954242509439325,0.01343617709963731,0.1076469176235285,66.5,41.625,3.339175495818843,0.7485852446793293,1.3749528248347755,9.210981847615384,9.210981847615383
464,1,arm_A_high_normal_fan,mb0464_base05_redundant_paths_seed1_rw1979299,multibase_base05_redundant_paths_seed1_rewire_seed1979299,base05_redundant_paths_seed1,redundant_paths,1,1979299,5,12,8,topologies/mb0464_base05_redundant_paths_seed1_rw1979299.json,/home/aadarwal/repos/topology/ICL/results/next_phase_stats/multibase_normal_fan_tree_count_n5_m12_N3_D2/topologies/mb0464_base05_redundant_paths_seed1_rw1979299.json,88,11,8.930546718084331,3.5281721389892544,0.5475497661393126,0.14634146341463428,0.128048780487805,0.0,1.4,2 2 3 3 2,3 3 2 2 2,0.2041241452319315,0.2041241452319315,82,1.9138138523837167,0.018998046155402515,0.11517484947108322,64.5,42.25,4.050410683091034,1.1009554398556007,0.46770656211883693,9.102647298864982,9.102647298864984
471,1,arm_A_low_normal_fan,mb0471_base05_redundant_paths_seed1_rw2745363,multibase_base05_redundant_paths_seed1_rewire_seed2745363,base05_redundant_paths_seed1,redundant_paths,1,2745363,5,12,8,topologies/mb0471_base05_redundant_paths_seed1_rw2745363.json,/home/aadarwal/repos/topology/ICL/results/next_phase_stats/multibase_normal_fan_tree_count_n5_m12_N3_D2/topologies/mb0471_base05_redundant_paths_seed1_rw2745363.json,88,11,8.823847727325367,3.7158467184667225,0.5700577907099037,0.1692307692307693,0.12553418803418803,0.0,1.4,2 2 3 3 2,3 3 2 2 2,0.2041241452319315,0.2041241452319315,78,1.8920946026904804,0.018227084453015886,0.09054008125278012,58.0,40.375,-0.24901112660166302,-1.0291249180032198,-0.019688012627482473,8.966546296113718,8.966546296113718
475,1,arm_A_low_normal_fan,mb0475_base05_redundant_paths_seed1_rw4566505,multibase_base05_redundant_paths_seed1_rewire_seed4566505,base05_redundant_paths_seed1,redundant_paths,1,4566505,5,12,8,topologies/mb0475_base05_redundant_paths_seed1_rw4566505.json,/home/aadarwal/repos/topology/ICL/results/next_phase_stats/multibase_normal_fan_tree_count_n5_m12_N3_D2/topologies/mb0475_base05_redundant_paths_seed1_rw4566505.json,88,11,8.930546718084335,3.528172138989252,0.5475497661393123,0.14634146341463428,0.128048780487805,0.0,1.4,2 2 3 3 2,3 3 2 2 2,0.2041241452319315,0.2041241452319315,82,1.9138138523837167,0.015062606997638655,0.09620120882188568,59.25,40.125,0.5037242432650099,-0.6561941154464926,0.46770656211883693,9.102647298864987,9.102647298864987
485,1,arm_A_high_normal_fan,mb0485_base06_two_module_seed2_rw4327906,multibase_base06_two_module_seed2_rewire_seed4327906,base06_two_module_seed2,two_module,2,4327906,5,12,8,topologies/mb0485_base06_two_module_seed2_rw4327906.json,/home/aadarwal/repos/topology/ICL/results/next_phase_stats/multibase_normal_fan_tree_count_n5_m12_N3_D2/topologies/mb0485_base06_two_module_seed2_rw4327906.json,88,11,8.449652913689357,3.717615893810277,0.5702645162007841,0.1692307692307693,0.22596153846153832,0.0,1.4,2 3 3 2 2,1 2 4 2 3,0.2041241452319315,0.4249182927993988,52,1.7160033436347992,0.02198861041795183,0.10776236516114038,46.375,33.25,-2.195881854685239,0.6802079504682321,-0.3800704989967445,8.486620686022304,8.486620686022304
523,1,arm_B_low_tree_count,mb0523_base06_two_module_seed2_rw5835889,multibase_base06_two_module_seed2_rewire_seed5835889,base06_two_module_seed2,two_module,2,5835889,5,12,8,topologies/mb0523_base06_two_module_seed2_rw5835889.json,/home/aadarwal/repos/topology/ICL/results/next_phase_stats/multibase_normal_fan_tree_count_n5_m12_N3_D2/topologies/mb0523_base06_two_module_seed2_rw5835889.json,88,11,8.570256612251077,4.000295921196305,0.6020921193752142,0.22456140350877196,0.22441520467836273,0.0,1.4,2 3 3 2 2,1 2 4 2 3,0.2041241452319315,0.4249182927993988,57,1.7558748556724915,0.02223411394409343,0.1077150585143148,48.125,33.875,-1.7486853295547715,0.8636540180589123,0.19439662987476797,8.56860294451822,8.56860294451822
535,1,arm_A_low_normal_fan,mb0535_base06_two_module_seed2_rw5026718,multibase_base06_two_module_seed2_rewire_seed5026718,base06_two_module_seed2,two_module,2,5026718,5,12,8,topologies/mb0535_base06_two_module_seed2_rw5026718.json,/home/aadarwal/repos/topology/ICL/results/next_phase_stats/multibase_normal_fan_tree_count_n5_m12_N3_D2/topologies/mb0535_base06_two_module_seed2_rw5026718.json,88,11,8.45939690020172,4.007659889442058,0.6028908579674706,0.16000000000000014,0.23416666666666686,0.0,1.4,2 3 3 2 2,1 2 4 2 3,0.2041241452319315,0.4249182927993988,50,1.6989700043360187,0.011603892014823638,0.07926131378284473,41.625,31.25,-6.691729451683461,-1.1640495868990748,-0.625486161006614,8.449182540926865,8.449182540926865
546,1,arm_B_high_tree_count,mb0546_base06_two_module_seed2_rw3200844,multibase_base06_two_module_seed2_rewire_seed3200844,base06_two_module_seed2,two_module,2,3200844,5,12,8,topologies/mb0546_base06_two_module_seed2_rw3200844.json,/home/aadarwal/repos/topology/ICL/results/next_phase_stats/multibase_normal_fan_tree_count_n5_m12_N3_D2/topologies/mb0546_base06_two_module_seed2_rw3200844.json,88,11,8.843561845797694,3.5607801297206376,0.551545157780656,0.17142857142857149,0.22817460317460325,0.0,1.45,2 3 3 2 2,1 2 4 2 3,0.2041241452319315,0.4249182927993988,63,1.7993405494535817,0.016950195907556326,0.0937350618653407,49.0,33.375,-3.3177870130551677,0.21998726907403107,0.8206485835811239,8.940516450732273,8.940516450732272
557,1,arm_B_low_tree_count,mb0557_base06_two_module_seed2_rw802857,multibase_base06_two_module_seed2_rewire_seed802857,base06_two_module_seed2,two_module,2,802857,5,12,8,topologies/mb0557_base06_two_module_seed2_rw802857.json,/home/aadarwal/repos/topology/ICL/results/next_phase_stats/multibase_normal_fan_tree_count_n5_m12_N3_D2/topologies/mb0557_base06_two_module_seed2_rw802857.json,88,11,8.45939690020172,4.007659889442062,0.602890857967471,0.16000000000000014,0.23416666666666686,0.0,1.4,2 3 3 2 2,1 2 4 2 3,0.2041241452319315,0.4249182927993988,50,1.6989700043360187,0.023078080714169977,0.10563192838994187,44.0,31.5,-3.309230843088888,0.22349712580534978,-0.625486161006614,8.449182540926861,8.449182540926861
558,1,arm_B_high_tree_count,mb0558_base06_two_module_seed2_rw4778881,multibase_base06_two_module_seed2_rewire_seed4778881,base06_two_module_seed2,two_module,2,4778881,5,12,8,topologies/mb0558_base06_two_module_seed2_rw4778881.json,/home/aadarwal/repos/topology/ICL/results/next_phase_stats/multibase_normal_fan_tree_count_n5_m12_N3_D2/topologies/mb0558_base06_two_module_seed2_rw4778881.json,88,11,8.874806160716519,3.5545935061334837,0.5507899431425836,0.2028985507246377,0.2246376811594204,0.0,1.4,2 3 3 2 2,1 2 4 2 3,0.2041241452319315,0.4249182927993988,69,1.8388490907372552,0.016862397225950777,0.08951644430436553,54.375,37.75,-1.686404016911261,0.889202655507525,1.3898860445451757,8.998122421406586,8.998122421406586
