run_dir,label,topology_name,physical_topology_name,input_mask_name,input_mask_family,input_mask_seed,seed,topology_seed,n_nodes,n_edges,p,raw_physical_parameter_count,input_coupled_parameter_count,input_coupled_edge_count,input_coupled_coord_count,input_parameter_density,input_edge_density,input_coord_density,input_edge_load_gini,input_coord_load_gini,n_req,d_rel,d_rel_minus_n_req,comparison_branch_d_rel_min,comparison_branch_d_rel_mean,comparison_branch_d_rel_max,comparison_branch_d_rel_gini,comparison_branch_common_d_rel_min,comparison_branch_common_d_rel_mean,comparison_branch_common_d_rel_max,comparison_branch_common_d_rel_gini,comparison_branch_common_d_rel_source,comparison_branch_input_count_min,comparison_branch_input_count_mean,comparison_branch_input_count_max,comparison_branch_input_count_gini,comparison_branch_input_overlap_min,comparison_branch_input_overlap_mean,comparison_branch_input_overlap_max,comparison_branch_input_overlap_gini,comparison_branch_input_overlap_source,rank_D,effective_rank_D,condition_number_D,effective_rank_D_masked,condition_number_D_masked,root_tree_count_cv,root_tree_count_gini,edge_participation_var,edge_participation_gini,bottleneck_edge_fraction_095,mean_shortest_path,train_acc_final,val_acc_final,icl_acc_final_eval,icl_acc_max_eval,icl_acc_mean_eval,iwl_acc_final_eval,test_in_dist,test_novel_classes,execution_time,capacity_n_nodes,capacity_n_edges,capacity_n_context,capacity_z_dim,capacity_p,capacity_d_rel,capacity_comparison_branch_common_d_rel_min,capacity_comparison_branch_common_d_rel_mean,capacity_support_fraction,capacity_support_min,capacity_support_mean,capacity_support_max,capacity_rank_mass_min,capacity_rank_mass_mean,capacity_rank_mass_max,capacity_rank_mass_gini,capacity_rank_dim_mass_min,capacity_rank_dim_mass_mean,capacity_rank_dim_mass_max,capacity_rank_dim_mass_gini,capacity_rank_nonzero_fraction,capacity_rank_weight_entropy,capacity_rank_weight_effective_entries,capacity_rooted_polytope_n_roots,capacity_rooted_polytope_common_rank_total,capacity_rooted_polytope_common_rank_mean,capacity_rooted_polytope_common_rank_max,capacity_rooted_polytope_supported_branch_dim_fraction,capacity_rooted_polytope_branch_root_support_min,capacity_rooted_polytope_branch_root_support_mean,capacity_rooted_polytope_branch_root_support_max,capacity_rooted_polytope_branch_root_support_gini,capacity_rooted_polytope_branch_best_rank_min,capacity_rooted_polytope_branch_best_rank_mean,capacity_rooted_polytope_branch_best_rank_max,capacity_rooted_polytope_branch_best_rank_gini,capacity_rooted_polytope_root_rank_mass_min,capacity_rooted_polytope_root_rank_mass_mean,capacity_rooted_polytope_root_rank_mass_max,capacity_rooted_polytope_root_rank_mass_gini,capacity_rooted_polytope_root_rank_mass_effective,capacity_oracle_test_accuracy,capacity_oracle_test_margin_mean,capacity_oracle_test_margin_p10,capacity_oracle_test_margin_finite_fraction,capacity_rank_weighted_oracle_test_accuracy,capacity_rank_weighted_oracle_test_margin_mean,capacity_rank_weighted_oracle_test_margin_p10,capacity_rank_weighted_oracle_test_margin_finite_fraction,capacity_linear_test_accuracy,capacity_linear_test_margin_mean,capacity_linear_test_margin_p10,capacity_linear_test_margin_finite_fraction,capacity_rank_weighted_linear_test_accuracy,capacity_rank_weighted_linear_test_margin_mean,capacity_rank_weighted_linear_test_margin_p10,capacity_rank_weighted_linear_test_margin_finite_fraction,capacity_linear_weight_norm,capacity_weighted_linear_weight_norm,capacity_tropical_feature_trials,capacity_tropical_feature_mode,capacity_tropical_projection_radius,capacity_tropical_edge_bias_scale,capacity_tropical_linear_train_accuracy_mean,capacity_tropical_linear_train_accuracy_max,capacity_tropical_linear_train_accuracy_std,capacity_tropical_linear_test_accuracy_mean,capacity_tropical_linear_test_accuracy_max,capacity_tropical_linear_test_accuracy_std,capacity_tropical_linear_test_margin_p10_mean,capacity_tropical_linear_test_margin_p10_max,capacity_tropical_linear_test_margin_p10_std,capacity_tropical_root_feature_effective_rank_mean,capacity_tropical_root_feature_effective_rank_max,capacity_tropical_root_feature_effective_rank_std,capacity_tropical_root_feature_variance_mean,capacity_tropical_root_feature_variance_max,capacity_tropical_root_feature_variance_std,capacity_normal_fan_trials,capacity_normal_fan_branch_root_nmi_mean,capacity_normal_fan_branch_root_nmi_max,capacity_normal_fan_branch_root_nmi_std,capacity_normal_fan_branch_tree_nmi_mean,capacity_normal_fan_branch_tree_nmi_max,capacity_normal_fan_branch_tree_nmi_std,capacity_normal_fan_active_root_count_mean,capacity_normal_fan_active_root_count_max,capacity_normal_fan_active_root_count_std,capacity_normal_fan_active_tree_count_mean,capacity_normal_fan_active_tree_count_max,capacity_normal_fan_active_tree_count_std,capacity_normal_fan_branch_active_tree_count_min_mean,capacity_normal_fan_branch_active_tree_count_min_max,capacity_normal_fan_branch_active_tree_count_min_std
/home/aadarwal/repos/topology/ICL/results/expanded_hard_sweeps/n5_m12_N3_D2/g0040_cycle_chords_seed41_trainseed1,g0040_cycle_chords_seed41_trainseed1,cycle_chords_n5_m12_seed41,cycle_chords_n5_m12_seed41,full,,1,1,0,5,12,8,96,96,12,8,1.0,1.0,1.0,0.0,0.0,48,88,40,22,22.0,22,0.0,22,22.0,22,0.0,artifact,24,24.0,24,0.0,24,24.0,24,0.0,artifact,11,8.476975909374493,9.37433516658637,67.81580727499593,9.37433516658637,0.9382653571042043,0.5076923076923077,0.0034516765285996054,0.08012820512820507,0.0,1.6,92.24,92.1,93.5,93.5,83.0,4.5,91.4,91.2,15.58051347732544,5,12,3,2,8,88,22,22.0,1.0,2,2.0,2,22.0,22.0,22.0,0.0,33.0,33.0,33.0,0.0,1.0,1.7917594692280547,5.999999999999998,5,114.0,3.8,7.0,1.0,4.0,4.0,4.0,0.0,14.0,14.0,14.0,0.0,0.0,22.8,42.0,0.3789473684210527,3.657908838077673,1.0,2.281563216769485,0.2523719487138202,1.0,1.0,2.281563216769485,0.2523719487138202,1.0,0.877,0.31541473684473703,-0.019362166200501116,1.0,0.877,0.31541473684473703,-0.019362166200501116,1.0,0.28367525570667673,0.28367525570667673,12,max,1.0,0.0,0.407,0.435,0.020037464909513872,0.37966666666666665,0.423,0.019149992747315138,-0.1501097840335504,-0.06282851218655612,0.038050524879152614,2.7312246919948393,3.584906647077506,0.47757021500414026,0.1909772053876424,0.2506233326093978,0.03193699088634472,12,0.017566382099808844,0.03512407693337788,0.009296915147230675,0.0917159572686106,0.14403990401464964,0.0208451307150901,4.833333333333333,5.0,0.372677996249965,66.0,68.0,1.9578900207451218,47.083333333333336,54.0,3.7739972914080844
/home/aadarwal/repos/topology/ICL/results/expanded_hard_sweeps/n5_m12_N3_D2/g0040_cycle_chords_seed41_trainseed2,g0040_cycle_chords_seed41_trainseed2,cycle_chords_n5_m12_seed41,cycle_chords_n5_m12_seed41,full,,2,2,0,5,12,8,96,96,12,8,1.0,1.0,1.0,0.0,0.0,48,88,40,22,22.0,22,0.0,22,22.0,22,0.0,artifact,24,24.0,24,0.0,24,24.0,24,0.0,artifact,11,8.476975909374493,9.37433516658637,67.81580727499593,9.37433516658637,0.9382653571042043,0.5076923076923077,0.0034516765285996054,0.08012820512820507,0.0,1.6,74.7,73.5,70.5,78.5,66.8,0.5,75.2,73.0,15.510237455368042,5,12,3,2,8,88,22,22.0,1.0,2,2.0,2,22.0,22.0,22.0,0.0,33.0,33.0,33.0,0.0,1.0,1.7917594692280547,5.999999999999998,5,114.0,3.8,7.0,1.0,4.0,4.0,4.0,0.0,14.0,14.0,14.0,0.0,0.0,22.8,42.0,0.3789473684210527,3.657908838077673,1.0,2.281563216769485,0.2523719487138202,1.0,1.0,2.281563216769485,0.2523719487138202,1.0,0.877,0.31541473684473703,-0.019362166200501116,1.0,0.877,0.31541473684473703,-0.019362166200501116,1.0,0.28367525570667673,0.28367525570667673,12,max,1.0,0.0,0.407,0.435,0.020037464909513872,0.37966666666666665,0.423,0.019149992747315138,-0.1501097840335504,-0.06282851218655612,0.038050524879152614,2.7312246919948393,3.584906647077506,0.47757021500414026,0.1909772053876424,0.2506233326093978,0.03193699088634472,12,0.017566382099808844,0.03512407693337788,0.009296915147230675,0.0917159572686106,0.14403990401464964,0.0208451307150901,4.833333333333333,5.0,0.372677996249965,66.0,68.0,1.9578900207451218,47.083333333333336,54.0,3.7739972914080844
/home/aadarwal/repos/topology/ICL/results/expanded_hard_sweeps/n5_m12_N3_D2/g0040_cycle_chords_seed41_trainseed3,g0040_cycle_chords_seed41_trainseed3,cycle_chords_n5_m12_seed41,cycle_chords_n5_m12_seed41,full,,3,3,0,5,12,8,96,96,12,8,1.0,1.0,1.0,0.0,0.0,48,88,40,22,22.0,22,0.0,22,22.0,22,0.0,artifact,24,24.0,24,0.0,24,24.0,24,0.0,artifact,11,8.476975909374493,9.37433516658637,67.81580727499593,9.37433516658637,0.9382653571042043,0.5076923076923077,0.0034516765285996054,0.08012820512820507,0.0,1.6,84.98,85.5,82.0,87.5,79.9,4.5,87.0,85.4,15.502939224243164,5,12,3,2,8,88,22,22.0,1.0,2,2.0,2,22.0,22.0,22.0,0.0,33.0,33.0,33.0,0.0,1.0,1.7917594692280547,5.999999999999998,5,114.0,3.8,7.0,1.0,4.0,4.0,4.0,0.0,14.0,14.0,14.0,0.0,0.0,22.8,42.0,0.3789473684210527,3.657908838077673,1.0,2.281563216769485,0.2523719487138202,1.0,1.0,2.281563216769485,0.2523719487138202,1.0,0.877,0.31541473684473703,-0.019362166200501116,1.0,0.877,0.31541473684473703,-0.019362166200501116,1.0,0.28367525570667673,0.28367525570667673,12,max,1.0,0.0,0.407,0.435,0.020037464909513872,0.37966666666666665,0.423,0.019149992747315138,-0.1501097840335504,-0.06282851218655612,0.038050524879152614,2.7312246919948393,3.584906647077506,0.47757021500414026,0.1909772053876424,0.2506233326093978,0.03193699088634472,12,0.017566382099808844,0.03512407693337788,0.009296915147230675,0.0917159572686106,0.14403990401464964,0.0208451307150901,4.833333333333333,5.0,0.372677996249965,66.0,68.0,1.9578900207451218,47.083333333333336,54.0,3.7739972914080844
/home/aadarwal/repos/topology/ICL/results/expanded_hard_sweeps/n5_m12_N3_D2/g0040_cycle_chords_seed41_trainseed4,g0040_cycle_chords_seed41_trainseed4,cycle_chords_n5_m12_seed41,cycle_chords_n5_m12_seed41,full,,4,4,0,5,12,8,96,96,12,8,1.0,1.0,1.0,0.0,0.0,48,88,40,22,22.0,22,0.0,22,22.0,22,0.0,artifact,24,24.0,24,0.0,24,24.0,24,0.0,artifact,11,8.476975909374493,9.37433516658637,67.81580727499593,9.37433516658637,0.9382653571042043,0.5076923076923077,0.0034516765285996054,0.08012820512820507,0.0,1.6,88.32,88.9,87.0,87.5,80.85,2.5,89.2,87.0,14.462135314941406,5,12,3,2,8,88,22,22.0,1.0,2,2.0,2,22.0,22.0,22.0,0.0,33.0,33.0,33.0,0.0,1.0,1.7917594692280547,5.999999999999998,5,114.0,3.8,7.0,1.0,4.0,4.0,4.0,0.0,14.0,14.0,14.0,0.0,0.0,22.8,42.0,0.3789473684210527,3.657908838077673,1.0,2.281563216769485,0.2523719487138202,1.0,1.0,2.281563216769485,0.2523719487138202,1.0,0.877,0.31541473684473703,-0.019362166200501116,1.0,0.877,0.31541473684473703,-0.019362166200501116,1.0,0.28367525570667673,0.28367525570667673,12,max,1.0,0.0,0.407,0.435,0.020037464909513872,0.37966666666666665,0.423,0.019149992747315138,-0.1501097840335504,-0.06282851218655612,0.038050524879152614,2.7312246919948393,3.584906647077506,0.47757021500414026,0.1909772053876424,0.2506233326093978,0.03193699088634472,12,0.017566382099808844,0.03512407693337788,0.009296915147230675,0.0917159572686106,0.14403990401464964,0.0208451307150901,4.833333333333333,5.0,0.372677996249965,66.0,68.0,1.9578900207451218,47.083333333333336,54.0,3.7739972914080844
/home/aadarwal/repos/topology/ICL/results/expanded_hard_sweeps/n5_m12_N3_D2/g0040_cycle_chords_seed41_trainseed5,g0040_cycle_chords_seed41_trainseed5,cycle_chords_n5_m12_seed41,cycle_chords_n5_m12_seed41,full,,5,5,0,5,12,8,96,96,12,8,1.0,1.0,1.0,0.0,0.0,48,88,40,22,22.0,22,0.0,22,22.0,22,0.0,artifact,24,24.0,24,0.0,24,24.0,24,0.0,artifact,11,8.476975909374493,9.37433516658637,67.81580727499593,9.37433516658637,0.9382653571042043,0.5076923076923077,0.0034516765285996054,0.08012820512820507,0.0,1.6,82.86,80.6,86.0,86.0,76.2,3.0,81.0,79.6,14.482073783874512,5,12,3,2,8,88,22,22.0,1.0,2,2.0,2,22.0,22.0,22.0,0.0,33.0,33.0,33.0,0.0,1.0,1.7917594692280547,5.999999999999998,5,114.0,3.8,7.0,1.0,4.0,4.0,4.0,0.0,14.0,14.0,14.0,0.0,0.0,22.8,42.0,0.3789473684210527,3.657908838077673,1.0,2.281563216769485,0.2523719487138202,1.0,1.0,2.281563216769485,0.2523719487138202,1.0,0.877,0.31541473684473703,-0.019362166200501116,1.0,0.877,0.31541473684473703,-0.019362166200501116,1.0,0.28367525570667673,0.28367525570667673,12,max,1.0,0.0,0.407,0.435,0.020037464909513872,0.37966666666666665,0.423,0.019149992747315138,-0.1501097840335504,-0.06282851218655612,0.038050524879152614,2.7312246919948393,3.584906647077506,0.47757021500414026,0.1909772053876424,0.2506233326093978,0.03193699088634472,12,0.017566382099808844,0.03512407693337788,0.009296915147230675,0.0917159572686106,0.14403990401464964,0.0208451307150901,4.833333333333333,5.0,0.372677996249965,66.0,68.0,1.9578900207451218,47.083333333333336,54.0,3.7739972914080844
/home/aadarwal/repos/topology/ICL/results/expanded_hard_sweeps/n5_m12_N3_D2/g0045_cycle_chords_seed46_trainseed1,g0045_cycle_chords_seed46_trainseed1,cycle_chords_n5_m12_seed46,cycle_chords_n5_m12_seed46,full,,1,1,0,5,12,8,96,96,12,8,1.0,1.0,1.0,0.0,0.0,48,88,40,22,22.0,22,0.0,22,22.0,22,0.0,artifact,24,24.0,24,0.0,24,24.0,24,0.0,artifact,11,8.917845322433282,3.0483174961156583,71.34276257946624,3.0483174961156583,0.0,0.0,0.025925925925925936,0.22916666666666674,0.0,1.4,70.7,70.6,75.5,75.5,67.45,4.0,68.6,69.0,14.803918838500977,5,12,3,2,8,88,22,22.0,1.0,2,2.0,2,22.0,22.0,22.0,0.0,33.0,33.0,33.0,0.0,1.0,1.7917594692280547,5.999999999999998,5,156.0,5.2,6.0,1.0,5.0,5.0,5.0,0.0,12.0,12.0,12.0,0.0,30.0,31.2,36.0,0.030769230769230882,4.985752875393529,1.0,2.281563216769485,0.2523719487138202,1.0,1.0,2.281563216769485,0.2523719487138202,1.0,0.877,0.31541473684473703,-0.019362166200501116,1.0,0.877,0.31541473684473703,-0.019362166200501116,1.0,0.28367525570667673,0.28367525570667673,12,max,1.0,0.0,0.41700000000000004,0.48,0.028589042189855418,0.40691666666666665,0.436,0.019396985733756554,-0.15841501406618583,-0.09578022713960124,0.04933353533006002,3.2961973084527667,3.705253753130079,0.24737664207548865,0.06985817093545867,0.08829116812088852,0.01321128076816486,12,0.012608219592578242,0.02644552362316155,0.006897660747196871,0.07679090581200383,0.09381430279468222,0.015008170121241303,5.0,5.0,0.0,49.666666666666664,56.0,3.423773097362356,37.416666666666664,39.0,2.4650332429581736
/home/aadarwal/repos/topology/ICL/results/expanded_hard_sweeps/n5_m12_N3_D2/g0045_cycle_chords_seed46_trainseed2,g0045_cycle_chords_seed46_trainseed2,cycle_chords_n5_m12_seed46,cycle_chords_n5_m12_seed46,full,,2,2,0,5,12,8,96,96,12,8,1.0,1.0,1.0,0.0,0.0,48,88,40,22,22.0,22,0.0,22,22.0,22,0.0,artifact,24,24.0,24,0.0,24,24.0,24,0.0,artifact,11,8.917845322433282,3.0483174961156583,71.34276257946624,3.0483174961156583,0.0,0.0,0.025925925925925936,0.22916666666666674,0.0,1.4,93.6,93.0,94.5,94.5,82.85,1.5,91.8,92.2,14.707377910614014,5,12,3,2,8,88,22,22.0,1.0,2,2.0,2,22.0,22.0,22.0,0.0,33.0,33.0,33.0,0.0,1.0,1.7917594692280547,5.999999999999998,5,156.0,5.2,6.0,1.0,5.0,5.0,5.0,0.0,12.0,12.0,12.0,0.0,30.0,31.2,36.0,0.030769230769230882,4.985752875393529,1.0,2.281563216769485,0.2523719487138202,1.0,1.0,2.281563216769485,0.2523719487138202,1.0,0.877,0.31541473684473703,-0.019362166200501116,1.0,0.877,0.31541473684473703,-0.019362166200501116,1.0,0.28367525570667673,0.28367525570667673,12,max,1.0,0.0,0.41700000000000004,0.48,0.028589042189855418,0.40691666666666665,0.436,0.019396985733756554,-0.15841501406618583,-0.09578022713960124,0.04933353533006002,3.2961973084527667,3.705253753130079,0.24737664207548865,0.06985817093545867,0.08829116812088852,0.01321128076816486,12,0.012608219592578242,0.02644552362316155,0.006897660747196871,0.07679090581200383,0.09381430279468222,0.015008170121241303,5.0,5.0,0.0,49.666666666666664,56.0,3.423773097362356,37.416666666666664,39.0,2.4650332429581736
/home/aadarwal/repos/topology/ICL/results/expanded_hard_sweeps/n5_m12_N3_D2/g0045_cycle_chords_seed46_trainseed3,g0045_cycle_chords_seed46_trainseed3,cycle_chords_n5_m12_seed46,cycle_chords_n5_m12_seed46,full,,3,3,0,5,12,8,96,96,12,8,1.0,1.0,1.0,0.0,0.0,48,88,40,22,22.0,22,0.0,22,22.0,22,0.0,artifact,24,24.0,24,0.0,24,24.0,24,0.0,artifact,11,8.917845322433282,3.0483174961156583,71.34276257946624,3.0483174961156583,0.0,0.0,0.025925925925925936,0.22916666666666674,0.0,1.4,89.84,90.0,87.5,91.0,80.75,4.0,92.0,88.2,14.732299566268921,5,12,3,2,8,88,22,22.0,1.0,2,2.0,2,22.0,22.0,22.0,0.0,33.0,33.0,33.0,0.0,1.0,1.7917594692280547,5.999999999999998,5,156.0,5.2,6.0,1.0,5.0,5.0,5.0,0.0,12.0,12.0,12.0,0.0,30.0,31.2,36.0,0.030769230769230882,4.985752875393529,1.0,2.281563216769485,0.2523719487138202,1.0,1.0,2.281563216769485,0.2523719487138202,1.0,0.877,0.31541473684473703,-0.019362166200501116,1.0,0.877,0.31541473684473703,-0.019362166200501116,1.0,0.28367525570667673,0.28367525570667673,12,max,1.0,0.0,0.41700000000000004,0.48,0.028589042189855418,0.40691666666666665,0.436,0.019396985733756554,-0.15841501406618583,-0.09578022713960124,0.04933353533006002,3.2961973084527667,3.705253753130079,0.24737664207548865,0.06985817093545867,0.08829116812088852,0.01321128076816486,12,0.012608219592578242,0.02644552362316155,0.006897660747196871,0.07679090581200383,0.09381430279468222,0.015008170121241303,5.0,5.0,0.0,49.666666666666664,56.0,3.423773097362356,37.416666666666664,39.0,2.4650332429581736
/home/aadarwal/repos/topology/ICL/results/expanded_hard_sweeps/n5_m12_N3_D2/g0045_cycle_chords_seed46_trainseed4,g0045_cycle_chords_seed46_trainseed4,cycle_chords_n5_m12_seed46,cycle_chords_n5_m12_seed46,full,,4,4,0,5,12,8,96,96,12,8,1.0,1.0,1.0,0.0,0.0,48,88,40,22,22.0,22,0.0,22,22.0,22,0.0,artifact,24,24.0,24,0.0,24,24.0,24,0.0,artifact,11,8.917845322433282,3.0483174961156583,71.34276257946624,3.0483174961156583,0.0,0.0,0.025925925925925936,0.22916666666666674,0.0,1.4,97.58,97.4,96.5,97.0,88.05,3.0,96.6,96.6,14.88057565689087,5,12,3,2,8,88,22,22.0,1.0,2,2.0,2,22.0,22.0,22.0,0.0,33.0,33.0,33.0,0.0,1.0,1.7917594692280547,5.999999999999998,5,156.0,5.2,6.0,1.0,5.0,5.0,5.0,0.0,12.0,12.0,12.0,0.0,30.0,31.2,36.0,0.030769230769230882,4.985752875393529,1.0,2.281563216769485,0.2523719487138202,1.0,1.0,2.281563216769485,0.2523719487138202,1.0,0.877,0.31541473684473703,-0.019362166200501116,1.0,0.877,0.31541473684473703,-0.019362166200501116,1.0,0.28367525570667673,0.28367525570667673,12,max,1.0,0.0,0.41700000000000004,0.48,0.028589042189855418,0.40691666666666665,0.436,0.019396985733756554,-0.15841501406618583,-0.09578022713960124,0.04933353533006002,3.2961973084527667,3.705253753130079,0.24737664207548865,0.06985817093545867,0.08829116812088852,0.01321128076816486,12,0.012608219592578242,0.02644552362316155,0.006897660747196871,0.07679090581200383,0.09381430279468222,0.015008170121241303,5.0,5.0,0.0,49.666666666666664,56.0,3.423773097362356,37.416666666666664,39.0,2.4650332429581736
/home/aadarwal/repos/topology/ICL/results/expanded_hard_sweeps/n5_m12_N3_D2/g0045_cycle_chords_seed46_trainseed5,g0045_cycle_chords_seed46_trainseed5,cycle_chords_n5_m12_seed46,cycle_chords_n5_m12_seed46,full,,5,5,0,5,12,8,96,96,12,8,1.0,1.0,1.0,0.0,0.0,48,88,40,22,22.0,22,0.0,22,22.0,22,0.0,artifact,24,24.0,24,0.0,24,24.0,24,0.0,artifact,11,8.917845322433282,3.0483174961156583,71.34276257946624,3.0483174961156583,0.0,0.0,0.025925925925925936,0.22916666666666674,0.0,1.4,96.94,96.5,97.5,97.5,87.8,2.5,97.6,96.6,15.06769847869873,5,12,3,2,8,88,22,22.0,1.0,2,2.0,2,22.0,22.0,22.0,0.0,33.0,33.0,33.0,0.0,1.0,1.7917594692280547,5.999999999999998,5,156.0,5.2,6.0,1.0,5.0,5.0,5.0,0.0,12.0,12.0,12.0,0.0,30.0,31.2,36.0,0.030769230769230882,4.985752875393529,1.0,2.281563216769485,0.2523719487138202,1.0,1.0,2.281563216769485,0.2523719487138202,1.0,0.877,0.31541473684473703,-0.019362166200501116,1.0,0.877,0.31541473684473703,-0.019362166200501116,1.0,0.28367525570667673,0.28367525570667673,12,max,1.0,0.0,0.41700000000000004,0.48,0.028589042189855418,0.40691666666666665,0.436,0.019396985733756554,-0.15841501406618583,-0.09578022713960124,0.04933353533006002,3.2961973084527667,3.705253753130079,0.24737664207548865,0.06985817093545867,0.08829116812088852,0.01321128076816486,12,0.012608219592578242,0.02644552362316155,0.006897660747196871,0.07679090581200383,0.09381430279468222,0.015008170121241303,5.0,5.0,0.0,49.666666666666664,56.0,3.423773097362356,37.416666666666664,39.0,2.4650332429581736
/home/aadarwal/repos/topology/ICL/results/expanded_hard_sweeps/n5_m12_N3_D2/g0082_cycle_chords_seed83_trainseed1,g0082_cycle_chords_seed83_trainseed1,cycle_chords_n5_m12_seed83,cycle_chords_n5_m12_seed83,full,,1,1,0,5,12,8,96,96,12,8,1.0,1.0,1.0,0.0,0.0,48,88,40,22,22.0,22,0.0,22,22.0,22,0.0,artifact,24,24.0,24,0.0,24,24.0,24,0.0,artifact,11,8.229266214850508,4.935847223049586,65.83412971880412,4.935847223049586,0.5062114182829146,0.27,0.03732638888888889,0.3166666666666669,0.0,1.4,69.92,71.0,65.5,73.5,66.35,4.5,69.8,68.6,15.318938255310059,5,12,3,2,8,88,22,22.0,1.0,2,2.0,2,22.0,22.0,22.0,0.0,33.0,33.0,33.0,0.0,1.0,1.7917594692280547,5.999999999999998,5,120.0,4.0,6.0,1.0,5.0,5.0,5.0,0.0,12.0,12.0,12.0,0.0,12.0,24.0,36.0,0.19999999999999996,4.6855322715632255,1.0,2.281563216769485,0.2523719487138202,1.0,1.0,2.281563216769485,0.2523719487138202,1.0,0.877,0.31541473684473703,-0.019362166200501116,1.0,0.877,0.31541473684473703,-0.019362166200501116,1.0,0.28367525570667673,0.28367525570667673,12,max,1.0,0.0,0.407,0.454,0.03119294792096445,0.3968333333333333,0.454,0.03370913163455201,-0.13705524895618218,-0.06484276209207922,0.048864093904414124,3.2698923876311325,3.7234419473065365,0.2737644036708641,0.0845954885478497,0.10503944006079532,0.013482060763697738,12,0.019351381968626978,0.037923172739418406,0.010647769528638277,0.06925899088435263,0.0951280929078857,0.014532915143044967,5.0,5.0,0.0,35.833333333333336,39.0,1.7716909687891083,28.833333333333332,32.0,2.153807997220014
/home/aadarwal/repos/topology/ICL/results/expanded_hard_sweeps/n5_m12_N3_D2/g0082_cycle_chords_seed83_trainseed2,g0082_cycle_chords_seed83_trainseed2,cycle_chords_n5_m12_seed83,cycle_chords_n5_m12_seed83,full,,2,2,0,5,12,8,96,96,12,8,1.0,1.0,1.0,0.0,0.0,48,88,40,22,22.0,22,0.0,22,22.0,22,0.0,artifact,24,24.0,24,0.0,24,24.0,24,0.0,artifact,11,8.229266214850508,4.935847223049586,65.83412971880412,4.935847223049586,0.5062114182829146,0.27,0.03732638888888889,0.3166666666666669,0.0,1.4,90.06,89.0,90.0,90.0,82.05,2.0,86.6,88.2,15.019799947738647,5,12,3,2,8,88,22,22.0,1.0,2,2.0,2,22.0,22.0,22.0,0.0,33.0,33.0,33.0,0.0,1.0,1.7917594692280547,5.999999999999998,5,120.0,4.0,6.0,1.0,5.0,5.0,5.0,0.0,12.0,12.0,12.0,0.0,12.0,24.0,36.0,0.19999999999999996,4.6855322715632255,1.0,2.281563216769485,0.2523719487138202,1.0,1.0,2.281563216769485,0.2523719487138202,1.0,0.877,0.31541473684473703,-0.019362166200501116,1.0,0.877,0.31541473684473703,-0.019362166200501116,1.0,0.28367525570667673,0.28367525570667673,12,max,1.0,0.0,0.407,0.454,0.03119294792096445,0.3968333333333333,0.454,0.03370913163455201,-0.13705524895618218,-0.06484276209207922,0.048864093904414124,3.2698923876311325,3.7234419473065365,0.2737644036708641,0.0845954885478497,0.10503944006079532,0.013482060763697738,12,0.019351381968626978,0.037923172739418406,0.010647769528638277,0.06925899088435263,0.0951280929078857,0.014532915143044967,5.0,5.0,0.0,35.833333333333336,39.0,1.7716909687891083,28.833333333333332,32.0,2.153807997220014
/home/aadarwal/repos/topology/ICL/results/expanded_hard_sweeps/n5_m12_N3_D2/g0082_cycle_chords_seed83_trainseed3,g0082_cycle_chords_seed83_trainseed3,cycle_chords_n5_m12_seed83,cycle_chords_n5_m12_seed83,full,,3,3,0,5,12,8,96,96,12,8,1.0,1.0,1.0,0.0,0.0,48,88,40,22,22.0,22,0.0,22,22.0,22,0.0,artifact,24,24.0,24,0.0,24,24.0,24,0.0,artifact,11,8.229266214850508,4.935847223049586,65.83412971880412,4.935847223049586,0.5062114182829146,0.27,0.03732638888888889,0.3166666666666669,0.0,1.4,86.24,86.9,89.5,89.5,78.55,3.0,85.8,83.6,15.03766655921936,5,12,3,2,8,88,22,22.0,1.0,2,2.0,2,22.0,22.0,22.0,0.0,33.0,33.0,33.0,0.0,1.0,1.7917594692280547,5.999999999999998,5,120.0,4.0,6.0,1.0,5.0,5.0,5.0,0.0,12.0,12.0,12.0,0.0,12.0,24.0,36.0,0.19999999999999996,4.6855322715632255,1.0,2.281563216769485,0.2523719487138202,1.0,1.0,2.281563216769485,0.2523719487138202,1.0,0.877,0.31541473684473703,-0.019362166200501116,1.0,0.877,0.31541473684473703,-0.019362166200501116,1.0,0.28367525570667673,0.28367525570667673,12,max,1.0,0.0,0.407,0.454,0.03119294792096445,0.3968333333333333,0.454,0.03370913163455201,-0.13705524895618218,-0.06484276209207922,0.048864093904414124,3.2698923876311325,3.7234419473065365,0.2737644036708641,0.0845954885478497,0.10503944006079532,0.013482060763697738,12,0.019351381968626978,0.037923172739418406,0.010647769528638277,0.06925899088435263,0.0951280929078857,0.014532915143044967,5.0,5.0,0.0,35.833333333333336,39.0,1.7716909687891083,28.833333333333332,32.0,2.153807997220014
/home/aadarwal/repos/topology/ICL/results/expanded_hard_sweeps/n5_m12_N3_D2/g0082_cycle_chords_seed83_trainseed4,g0082_cycle_chords_seed83_trainseed4,cycle_chords_n5_m12_seed83,cycle_chords_n5_m12_seed83,full,,4,4,0,5,12,8,96,96,12,8,1.0,1.0,1.0,0.0,0.0,48,88,40,22,22.0,22,0.0,22,22.0,22,0.0,artifact,24,24.0,24,0.0,24,24.0,24,0.0,artifact,11,8.229266214850508,4.935847223049586,65.83412971880412,4.935847223049586,0.5062114182829146,0.27,0.03732638888888889,0.3166666666666669,0.0,1.4,84.02,85.6,87.0,87.0,75.75,2.0,84.8,84.2,14.261738538742065,5,12,3,2,8,88,22,22.0,1.0,2,2.0,2,22.0,22.0,22.0,0.0,33.0,33.0,33.0,0.0,1.0,1.7917594692280547,5.999999999999998,5,120.0,4.0,6.0,1.0,5.0,5.0,5.0,0.0,12.0,12.0,12.0,0.0,12.0,24.0,36.0,0.19999999999999996,4.6855322715632255,1.0,2.281563216769485,0.2523719487138202,1.0,1.0,2.281563216769485,0.2523719487138202,1.0,0.877,0.31541473684473703,-0.019362166200501116,1.0,0.877,0.31541473684473703,-0.019362166200501116,1.0,0.28367525570667673,0.28367525570667673,12,max,1.0,0.0,0.407,0.454,0.03119294792096445,0.3968333333333333,0.454,0.03370913163455201,-0.13705524895618218,-0.06484276209207922,0.048864093904414124,3.2698923876311325,3.7234419473065365,0.2737644036708641,0.0845954885478497,0.10503944006079532,0.013482060763697738,12,0.019351381968626978,0.037923172739418406,0.010647769528638277,0.06925899088435263,0.0951280929078857,0.014532915143044967,5.0,5.0,0.0,35.833333333333336,39.0,1.7716909687891083,28.833333333333332,32.0,2.153807997220014
/home/aadarwal/repos/topology/ICL/results/expanded_hard_sweeps/n5_m12_N3_D2/g0082_cycle_chords_seed83_trainseed5,g0082_cycle_chords_seed83_trainseed5,cycle_chords_n5_m12_seed83,cycle_chords_n5_m12_seed83,full,,5,5,0,5,12,8,96,96,12,8,1.0,1.0,1.0,0.0,0.0,48,88,40,22,22.0,22,0.0,22,22.0,22,0.0,artifact,24,24.0,24,0.0,24,24.0,24,0.0,artifact,11,8.229266214850508,4.935847223049586,65.83412971880412,4.935847223049586,0.5062114182829146,0.27,0.03732638888888889,0.3166666666666669,0.0,1.4,92.2,91.3,92.0,92.0,86.2,2.0,91.2,90.4,14.329375505447388,5,12,3,2,8,88,22,22.0,1.0,2,2.0,2,22.0,22.0,22.0,0.0,33.0,33.0,33.0,0.0,1.0,1.7917594692280547,5.999999999999998,5,120.0,4.0,6.0,1.0,5.0,5.0,5.0,0.0,12.0,12.0,12.0,0.0,12.0,24.0,36.0,0.19999999999999996,4.6855322715632255,1.0,2.281563216769485,0.2523719487138202,1.0,1.0,2.281563216769485,0.2523719487138202,1.0,0.877,0.31541473684473703,-0.019362166200501116,1.0,0.877,0.31541473684473703,-0.019362166200501116,1.0,0.28367525570667673,0.28367525570667673,12,max,1.0,0.0,0.407,0.454,0.03119294792096445,0.3968333333333333,0.454,0.03370913163455201,-0.13705524895618218,-0.06484276209207922,0.048864093904414124,3.2698923876311325,3.7234419473065365,0.2737644036708641,0.0845954885478497,0.10503944006079532,0.013482060763697738,12,0.019351381968626978,0.037923172739418406,0.010647769528638277,0.06925899088435263,0.0951280929078857,0.014532915143044967,5.0,5.0,0.0,35.833333333333336,39.0,1.7716909687891083,28.833333333333332,32.0,2.153807997220014
/home/aadarwal/repos/topology/ICL/results/expanded_hard_sweeps/n5_m12_N3_D2/g0085_cycle_chords_seed86_trainseed1,g0085_cycle_chords_seed86_trainseed1,cycle_chords_n5_m12_seed86,cycle_chords_n5_m12_seed86,full,,1,1,0,5,12,8,96,96,12,8,1.0,1.0,1.0,0.0,0.0,48,88,40,22,22.0,22,0.0,22,22.0,22,0.0,artifact,24,24.0,24,0.0,24,24.0,24,0.0,artifact,11,7.814830948961455,9.874634435020187,62.51864759169165,9.874634435020187,0.6660897157436482,0.3686274509803922,0.013520440856080998,0.17892156862745145,0.0,1.6,78.36,77.5,75.0,78.0,72.6,2.5,77.4,74.8,14.357349872589111,5,12,3,2,8,88,22,22.0,1.0,2,2.0,2,22.0,22.0,22.0,0.0,33.0,33.0,33.0,0.0,1.0,1.7917594692280547,5.999999999999998,5,126.0,4.2,7.0,1.0,4.0,4.0,4.0,0.0,14.0,14.0,14.0,0.0,0.0,25.2,42.0,0.32380952380952377,3.833623075746253,1.0,2.281563216769485,0.2523719487138202,1.0,1.0,2.281563216769485,0.2523719487138202,1.0,0.877,0.31541473684473703,-0.019362166200501116,1.0,0.877,0.31541473684473703,-0.019362166200501116,1.0,0.28367525570667673,0.28367525570667673,12,max,1.0,0.0,0.41808333333333336,0.456,0.026590908011741323,0.3985,0.457,0.029485872323312172,-0.12816325624059924,-0.06390064222011684,0.04604737514507161,3.0169330841655224,3.4490800973850826,0.3734259862377045,0.16012942034716277,0.23624064730565447,0.03487543680411167,12,0.015469370460946466,0.037497232110632946,0.009682792313202149,0.08304915696480347,0.10755868408083176,0.01516229348031776,4.75,5.0,0.4330127018922193,45.333333333333336,50.0,2.2852182001336816,34.666666666666664,38.0,1.7950549357115015
/home/aadarwal/repos/topology/ICL/results/expanded_hard_sweeps/n5_m12_N3_D2/g0085_cycle_chords_seed86_trainseed2,g0085_cycle_chords_seed86_trainseed2,cycle_chords_n5_m12_seed86,cycle_chords_n5_m12_seed86,full,,2,2,0,5,12,8,96,96,12,8,1.0,1.0,1.0,0.0,0.0,48,88,40,22,22.0,22,0.0,22,22.0,22,0.0,artifact,24,24.0,24,0.0,24,24.0,24,0.0,artifact,11,7.814830948961455,9.874634435020187,62.51864759169165,9.874634435020187,0.6660897157436482,0.3686274509803922,0.013520440856080998,0.17892156862745145,0.0,1.6,82.06,79.7,85.0,85.0,73.7,1.5,83.2,83.4,14.91209602355957,5,12,3,2,8,88,22,22.0,1.0,2,2.0,2,22.0,22.0,22.0,0.0,33.0,33.0,33.0,0.0,1.0,1.7917594692280547,5.999999999999998,5,126.0,4.2,7.0,1.0,4.0,4.0,4.0,0.0,14.0,14.0,14.0,0.0,0.0,25.2,42.0,0.32380952380952377,3.833623075746253,1.0,2.281563216769485,0.2523719487138202,1.0,1.0,2.281563216769485,0.2523719487138202,1.0,0.877,0.31541473684473703,-0.019362166200501116,1.0,0.877,0.31541473684473703,-0.019362166200501116,1.0,0.28367525570667673,0.28367525570667673,12,max,1.0,0.0,0.41808333333333336,0.456,0.026590908011741323,0.3985,0.457,0.029485872323312172,-0.12816325624059924,-0.06390064222011684,0.04604737514507161,3.0169330841655224,3.4490800973850826,0.3734259862377045,0.16012942034716277,0.23624064730565447,0.03487543680411167,12,0.015469370460946466,0.037497232110632946,0.009682792313202149,0.08304915696480347,0.10755868408083176,0.01516229348031776,4.75,5.0,0.4330127018922193,45.333333333333336,50.0,2.2852182001336816,34.666666666666664,38.0,1.7950549357115015
/home/aadarwal/repos/topology/ICL/results/expanded_hard_sweeps/n5_m12_N3_D2/g0085_cycle_chords_seed86_trainseed3,g0085_cycle_chords_seed86_trainseed3,cycle_chords_n5_m12_seed86,cycle_chords_n5_m12_seed86,full,,3,3,0,5,12,8,96,96,12,8,1.0,1.0,1.0,0.0,0.0,48,88,40,22,22.0,22,0.0,22,22.0,22,0.0,artifact,24,24.0,24,0.0,24,24.0,24,0.0,artifact,11,7.814830948961455,9.874634435020187,62.51864759169165,9.874634435020187,0.6660897157436482,0.3686274509803922,0.013520440856080998,0.17892156862745145,0.0,1.6,79.38,78.3,74.5,74.5,70.45,3.5,79.0,80.8,22.79670810699463,5,12,3,2,8,88,22,22.0,1.0,2,2.0,2,22.0,22.0,22.0,0.0,33.0,33.0,33.0,0.0,1.0,1.7917594692280547,5.999999999999998,5,126.0,4.2,7.0,1.0,4.0,4.0,4.0,0.0,14.0,14.0,14.0,0.0,0.0,25.2,42.0,0.32380952380952377,3.833623075746253,1.0,2.281563216769485,0.2523719487138202,1.0,1.0,2.281563216769485,0.2523719487138202,1.0,0.877,0.31541473684473703,-0.019362166200501116,1.0,0.877,0.31541473684473703,-0.019362166200501116,1.0,0.28367525570667673,0.28367525570667673,12,max,1.0,0.0,0.41808333333333336,0.456,0.026590908011741323,0.3985,0.457,0.029485872323312172,-0.12816325624059924,-0.06390064222011684,0.04604737514507161,3.0169330841655224,3.4490800973850826,0.3734259862377045,0.16012942034716277,0.23624064730565447,0.03487543680411167,12,0.015469370460946466,0.037497232110632946,0.009682792313202149,0.08304915696480347,0.10755868408083176,0.01516229348031776,4.75,5.0,0.4330127018922193,45.333333333333336,50.0,2.2852182001336816,34.666666666666664,38.0,1.7950549357115015
/home/aadarwal/repos/topology/ICL/results/expanded_hard_sweeps/n5_m12_N3_D2/g0085_cycle_chords_seed86_trainseed4,g0085_cycle_chords_seed86_trainseed4,cycle_chords_n5_m12_seed86,cycle_chords_n5_m12_seed86,full,,4,4,0,5,12,8,96,96,12,8,1.0,1.0,1.0,0.0,0.0,48,88,40,22,22.0,22,0.0,22,22.0,22,0.0,artifact,24,24.0,24,0.0,24,24.0,24,0.0,artifact,11,7.814830948961455,9.874634435020187,62.51864759169165,9.874634435020187,0.6660897157436482,0.3686274509803922,0.013520440856080998,0.17892156862745145,0.0,1.6,74.86,74.5,72.0,72.0,68.85,1.5,75.8,78.2,14.804553270339966,5,12,3,2,8,88,22,22.0,1.0,2,2.0,2,22.0,22.0,22.0,0.0,33.0,33.0,33.0,0.0,1.0,1.7917594692280547,5.999999999999998,5,126.0,4.2,7.0,1.0,4.0,4.0,4.0,0.0,14.0,14.0,14.0,0.0,0.0,25.2,42.0,0.32380952380952377,3.833623075746253,1.0,2.281563216769485,0.2523719487138202,1.0,1.0,2.281563216769485,0.2523719487138202,1.0,0.877,0.31541473684473703,-0.019362166200501116,1.0,0.877,0.31541473684473703,-0.019362166200501116,1.0,0.28367525570667673,0.28367525570667673,12,max,1.0,0.0,0.41808333333333336,0.456,0.026590908011741323,0.3985,0.457,0.029485872323312172,-0.12816325624059924,-0.06390064222011684,0.04604737514507161,3.0169330841655224,3.4490800973850826,0.3734259862377045,0.16012942034716277,0.23624064730565447,0.03487543680411167,12,0.015469370460946466,0.037497232110632946,0.009682792313202149,0.08304915696480347,0.10755868408083176,0.01516229348031776,4.75,5.0,0.4330127018922193,45.333333333333336,50.0,2.2852182001336816,34.666666666666664,38.0,1.7950549357115015
/home/aadarwal/repos/topology/ICL/results/expanded_hard_sweeps/n5_m12_N3_D2/g0085_cycle_chords_seed86_trainseed5,g0085_cycle_chords_seed86_trainseed5,cycle_chords_n5_m12_seed86,cycle_chords_n5_m12_seed86,full,,5,5,0,5,12,8,96,96,12,8,1.0,1.0,1.0,0.0,0.0,48,88,40,22,22.0,22,0.0,22,22.0,22,0.0,artifact,24,24.0,24,0.0,24,24.0,24,0.0,artifact,11,7.814830948961455,9.874634435020187,62.51864759169165,9.874634435020187,0.6660897157436482,0.3686274509803922,0.013520440856080998,0.17892156862745145,0.0,1.6,82.44,81.9,84.5,84.5,73.6,1.5,84.4,80.8,14.932624101638794,5,12,3,2,8,88,22,22.0,1.0,2,2.0,2,22.0,22.0,22.0,0.0,33.0,33.0,33.0,0.0,1.0,1.7917594692280547,5.999999999999998,5,126.0,4.2,7.0,1.0,4.0,4.0,4.0,0.0,14.0,14.0,14.0,0.0,0.0,25.2,42.0,0.32380952380952377,3.833623075746253,1.0,2.281563216769485,0.2523719487138202,1.0,1.0,2.281563216769485,0.2523719487138202,1.0,0.877,0.31541473684473703,-0.019362166200501116,1.0,0.877,0.31541473684473703,-0.019362166200501116,1.0,0.28367525570667673,0.28367525570667673,12,max,1.0,0.0,0.41808333333333336,0.456,0.026590908011741323,0.3985,0.457,0.029485872323312172,-0.12816325624059924,-0.06390064222011684,0.04604737514507161,3.0169330841655224,3.4490800973850826,0.3734259862377045,0.16012942034716277,0.23624064730565447,0.03487543680411167,12,0.015469370460946466,0.037497232110632946,0.009682792313202149,0.08304915696480347,0.10755868408083176,0.01516229348031776,4.75,5.0,0.4330127018922193,45.333333333333336,50.0,2.2852182001336816,34.666666666666664,38.0,1.7950549357115015
/home/aadarwal/repos/topology/ICL/results/expanded_hard_sweeps/n5_m12_N3_D2/g0097_random_sc_seed2_trainseed1,g0097_random_sc_seed2_trainseed1,random_sc_n5_m12_seed2,random_sc_n5_m12_seed2,full,,1,1,0,5,12,8,96,96,12,8,1.0,1.0,1.0,0.0,0.0,48,88,40,22,22.0,22,0.0,22,22.0,22,0.0,artifact,24,24.0,24,0.0,24,24.0,24,0.0,artifact,11,8.177038058040269,8.131457681291458,65.4163044643222,8.131457681291458,0.9341084486021951,0.5062500000000001,0.01108127170138889,0.173828125,0.0,1.6,84.24,84.5,89.5,89.5,78.5,5.0,84.0,84.2,14.97838020324707,5,12,3,2,8,88,22,22.0,1.0,2,2.0,2,22.0,22.0,22.0,0.0,33.0,33.0,33.0,0.0,1.0,1.7917594692280547,5.999999999999998,5,108.0,3.6,7.0,1.0,4.0,4.0,4.0,0.0,14.0,14.0,14.0,0.0,0.0,21.6,42.0,0.4222222222222223,3.4154537440980675,1.0,2.281563216769485,0.2523719487138202,1.0,1.0,2.281563216769485,0.2523719487138202,1.0,0.877,0.31541473684473703,-0.019362166200501116,1.0,0.877,0.31541473684473703,-0.019362166200501116,1.0,0.28367525570667673,0.28367525570667673,12,max,1.0,0.0,0.4045833333333333,0.45,0.025031507922793805,0.3830833333333334,0.433,0.026424289121101355,-0.1632700783417608,-0.11285592525382998,0.03583749238780945,2.8784934167456036,3.683058587854075,0.3328333090770973,0.18587936079995068,0.21573797783584445,0.018909485909902154,12,0.01976671435601308,0.034099572722378096,0.010060376212009555,0.08500966786594256,0.1198953109785874,0.01903417711922198,4.916666666666667,5.0,0.27638539919628335,55.666666666666664,62.0,3.2744804507314167,41.583333333333336,46.0,2.596739408480481
/home/aadarwal/repos/topology/ICL/results/expanded_hard_sweeps/n5_m12_N3_D2/g0097_random_sc_seed2_trainseed2,g0097_random_sc_seed2_trainseed2,random_sc_n5_m12_seed2,random_sc_n5_m12_seed2,full,,2,2,0,5,12,8,96,96,12,8,1.0,1.0,1.0,0.0,0.0,48,88,40,22,22.0,22,0.0,22,22.0,22,0.0,artifact,24,24.0,24,0.0,24,24.0,24,0.0,artifact,11,8.177038058040269,8.131457681291458,65.4163044643222,8.131457681291458,0.9341084486021951,0.5062500000000001,0.01108127170138889,0.173828125,0.0,1.6,85.0,84.7,89.0,89.0,78.2,2.0,83.2,84.6,14.789023876190186,5,12,3,2,8,88,22,22.0,1.0,2,2.0,2,22.0,22.0,22.0,0.0,33.0,33.0,33.0,0.0,1.0,1.7917594692280547,5.999999999999998,5,108.0,3.6,7.0,1.0,4.0,4.0,4.0,0.0,14.0,14.0,14.0,0.0,0.0,21.6,42.0,0.4222222222222223,3.4154537440980675,1.0,2.281563216769485,0.2523719487138202,1.0,1.0,2.281563216769485,0.2523719487138202,1.0,0.877,0.31541473684473703,-0.019362166200501116,1.0,0.877,0.31541473684473703,-0.019362166200501116,1.0,0.28367525570667673,0.28367525570667673,12,max,1.0,0.0,0.4045833333333333,0.45,0.025031507922793805,0.3830833333333334,0.433,0.026424289121101355,-0.1632700783417608,-0.11285592525382998,0.03583749238780945,2.8784934167456036,3.683058587854075,0.3328333090770973,0.18587936079995068,0.21573797783584445,0.018909485909902154,12,0.01976671435601308,0.034099572722378096,0.010060376212009555,0.08500966786594256,0.1198953109785874,0.01903417711922198,4.916666666666667,5.0,0.27638539919628335,55.666666666666664,62.0,3.2744804507314167,41.583333333333336,46.0,2.596739408480481
/home/aadarwal/repos/topology/ICL/results/expanded_hard_sweeps/n5_m12_N3_D2/g0097_random_sc_seed2_trainseed3,g0097_random_sc_seed2_trainseed3,random_sc_n5_m12_seed2,random_sc_n5_m12_seed2,full,,3,3,0,5,12,8,96,96,12,8,1.0,1.0,1.0,0.0,0.0,48,88,40,22,22.0,22,0.0,22,22.0,22,0.0,artifact,24,24.0,24,0.0,24,24.0,24,0.0,artifact,11,8.177038058040269,8.131457681291458,65.4163044643222,8.131457681291458,0.9341084486021951,0.5062500000000001,0.01108127170138889,0.173828125,0.0,1.6,83.96,81.9,86.0,86.0,78.1,4.0,82.8,84.2,15.217998743057251,5,12,3,2,8,88,22,22.0,1.0,2,2.0,2,22.0,22.0,22.0,0.0,33.0,33.0,33.0,0.0,1.0,1.7917594692280547,5.999999999999998,5,108.0,3.6,7.0,1.0,4.0,4.0,4.0,0.0,14.0,14.0,14.0,0.0,0.0,21.6,42.0,0.4222222222222223,3.4154537440980675,1.0,2.281563216769485,0.2523719487138202,1.0,1.0,2.281563216769485,0.2523719487138202,1.0,0.877,0.31541473684473703,-0.019362166200501116,1.0,0.877,0.31541473684473703,-0.019362166200501116,1.0,0.28367525570667673,0.28367525570667673,12,max,1.0,0.0,0.4045833333333333,0.45,0.025031507922793805,0.3830833333333334,0.433,0.026424289121101355,-0.1632700783417608,-0.11285592525382998,0.03583749238780945,2.8784934167456036,3.683058587854075,0.3328333090770973,0.18587936079995068,0.21573797783584445,0.018909485909902154,12,0.01976671435601308,0.034099572722378096,0.010060376212009555,0.08500966786594256,0.1198953109785874,0.01903417711922198,4.916666666666667,5.0,0.27638539919628335,55.666666666666664,62.0,3.2744804507314167,41.583333333333336,46.0,2.596739408480481
/home/aadarwal/repos/topology/ICL/results/expanded_hard_sweeps/n5_m12_N3_D2/g0097_random_sc_seed2_trainseed4,g0097_random_sc_seed2_trainseed4,random_sc_n5_m12_seed2,random_sc_n5_m12_seed2,full,,4,4,0,5,12,8,96,96,12,8,1.0,1.0,1.0,0.0,0.0,48,88,40,22,22.0,22,0.0,22,22.0,22,0.0,artifact,24,24.0,24,0.0,24,24.0,24,0.0,artifact,11,8.177038058040269,8.131457681291458,65.4163044643222,8.131457681291458,0.9341084486021951,0.5062500000000001,0.01108127170138889,0.173828125,0.0,1.6,91.4,90.2,93.5,93.5,82.15,2.0,90.4,90.8,14.76485013961792,5,12,3,2,8,88,22,22.0,1.0,2,2.0,2,22.0,22.0,22.0,0.0,33.0,33.0,33.0,0.0,1.0,1.7917594692280547,5.999999999999998,5,108.0,3.6,7.0,1.0,4.0,4.0,4.0,0.0,14.0,14.0,14.0,0.0,0.0,21.6,42.0,0.4222222222222223,3.4154537440980675,1.0,2.281563216769485,0.2523719487138202,1.0,1.0,2.281563216769485,0.2523719487138202,1.0,0.877,0.31541473684473703,-0.019362166200501116,1.0,0.877,0.31541473684473703,-0.019362166200501116,1.0,0.28367525570667673,0.28367525570667673,12,max,1.0,0.0,0.4045833333333333,0.45,0.025031507922793805,0.3830833333333334,0.433,0.026424289121101355,-0.1632700783417608,-0.11285592525382998,0.03583749238780945,2.8784934167456036,3.683058587854075,0.3328333090770973,0.18587936079995068,0.21573797783584445,0.018909485909902154,12,0.01976671435601308,0.034099572722378096,0.010060376212009555,0.08500966786594256,0.1198953109785874,0.01903417711922198,4.916666666666667,5.0,0.27638539919628335,55.666666666666664,62.0,3.2744804507314167,41.583333333333336,46.0,2.596739408480481
/home/aadarwal/repos/topology/ICL/results/expanded_hard_sweeps/n5_m12_N3_D2/g0097_random_sc_seed2_trainseed5,g0097_random_sc_seed2_trainseed5,random_sc_n5_m12_seed2,random_sc_n5_m12_seed2,full,,5,5,0,5,12,8,96,96,12,8,1.0,1.0,1.0,0.0,0.0,48,88,40,22,22.0,22,0.0,22,22.0,22,0.0,artifact,24,24.0,24,0.0,24,24.0,24,0.0,artifact,11,8.177038058040269,8.131457681291458,65.4163044643222,8.131457681291458,0.9341084486021951,0.5062500000000001,0.01108127170138889,0.173828125,0.0,1.6,81.74,82.5,84.0,84.0,75.25,2.5,80.2,81.2,16.21628451347351,5,12,3,2,8,88,22,22.0,1.0,2,2.0,2,22.0,22.0,22.0,0.0,33.0,33.0,33.0,0.0,1.0,1.7917594692280547,5.999999999999998,5,108.0,3.6,7.0,1.0,4.0,4.0,4.0,0.0,14.0,14.0,14.0,0.0,0.0,21.6,42.0,0.4222222222222223,3.4154537440980675,1.0,2.281563216769485,0.2523719487138202,1.0,1.0,2.281563216769485,0.2523719487138202,1.0,0.877,0.31541473684473703,-0.019362166200501116,1.0,0.877,0.31541473684473703,-0.019362166200501116,1.0,0.28367525570667673,0.28367525570667673,12,max,1.0,0.0,0.4045833333333333,0.45,0.025031507922793805,0.3830833333333334,0.433,0.026424289121101355,-0.1632700783417608,-0.11285592525382998,0.03583749238780945,2.8784934167456036,3.683058587854075,0.3328333090770973,0.18587936079995068,0.21573797783584445,0.018909485909902154,12,0.01976671435601308,0.034099572722378096,0.010060376212009555,0.08500966786594256,0.1198953109785874,0.01903417711922198,4.916666666666667,5.0,0.27638539919628335,55.666666666666664,62.0,3.2744804507314167,41.583333333333336,46.0,2.596739408480481
/home/aadarwal/repos/topology/ICL/results/expanded_hard_sweeps/n5_m12_N3_D2/g0187_random_sc_seed92_trainseed1,g0187_random_sc_seed92_trainseed1,random_sc_n5_m12_seed92,random_sc_n5_m12_seed92,full,,1,1,0,5,12,8,96,96,12,8,1.0,1.0,1.0,0.0,0.0,48,88,40,22,22.0,22,0.0,22,22.0,22,0.0,artifact,24,24.0,24,0.0,24,24.0,24,0.0,artifact,11,9.084968325580327,3.619948864182048,72.67974660464266,3.619948864182048,0.5098241215562822,0.2714285714285716,0.010393046107331822,0.1517857142857142,0.0,1.45,89.04,89.1,88.5,88.5,77.65,5.0,89.8,85.4,16.274781942367554,5,12,3,2,8,88,22,22.0,1.0,2,2.0,2,22.0,22.0,22.0,0.0,33.0,33.0,33.0,0.0,1.0,1.7917594692280547,5.999999999999998,5,168.0,5.6,7.0,1.0,5.0,5.0,5.0,0.0,14.0,14.0,14.0,0.0,30.0,33.6,42.0,0.0714285714285714,4.950950773339135,1.0,2.281563216769485,0.2523719487138202,1.0,1.0,2.281563216769485,0.2523719487138202,1.0,0.877,0.31541473684473703,-0.019362166200501116,1.0,0.877,0.31541473684473703,-0.019362166200501116,1.0,0.28367525570667673,0.28367525570667673,12,max,1.0,0.0,0.4121666666666666,0.443,0.016369857122840812,0.39408333333333334,0.431,0.02271364616749636,-0.13496969769530234,-0.08936568529577979,0.04235677505268328,3.4097434241235955,3.7989920515881446,0.23421484394539674,0.07009927916344089,0.0856230106136015,0.00990502211091635,12,0.016325755081604054,0.04214717089301744,0.009490363333869687,0.09920432140464851,0.12388369476634589,0.016298683373569076,5.0,5.0,0.0,68.41666666666667,74.0,2.9285472318009296,47.5,51.0,2.3979157616563596
/home/aadarwal/repos/topology/ICL/results/expanded_hard_sweeps/n5_m12_N3_D2/g0187_random_sc_seed92_trainseed2,g0187_random_sc_seed92_trainseed2,random_sc_n5_m12_seed92,random_sc_n5_m12_seed92,full,,2,2,0,5,12,8,96,96,12,8,1.0,1.0,1.0,0.0,0.0,48,88,40,22,22.0,22,0.0,22,22.0,22,0.0,artifact,24,24.0,24,0.0,24,24.0,24,0.0,artifact,11,9.084968325580327,3.619948864182048,72.67974660464266,3.619948864182048,0.5098241215562822,0.2714285714285716,0.010393046107331822,0.1517857142857142,0.0,1.45,98.44,98.2,98.5,98.5,89.8,2.0,98.0,98.0,16.249440908432007,5,12,3,2,8,88,22,22.0,1.0,2,2.0,2,22.0,22.0,22.0,0.0,33.0,33.0,33.0,0.0,1.0,1.7917594692280547,5.999999999999998,5,168.0,5.6,7.0,1.0,5.0,5.0,5.0,0.0,14.0,14.0,14.0,0.0,30.0,33.6,42.0,0.0714285714285714,4.950950773339135,1.0,2.281563216769485,0.2523719487138202,1.0,1.0,2.281563216769485,0.2523719487138202,1.0,0.877,0.31541473684473703,-0.019362166200501116,1.0,0.877,0.31541473684473703,-0.019362166200501116,1.0,0.28367525570667673,0.28367525570667673,12,max,1.0,0.0,0.4121666666666666,0.443,0.016369857122840812,0.39408333333333334,0.431,0.02271364616749636,-0.13496969769530234,-0.08936568529577979,0.04235677505268328,3.4097434241235955,3.7989920515881446,0.23421484394539674,0.07009927916344089,0.0856230106136015,0.00990502211091635,12,0.016325755081604054,0.04214717089301744,0.009490363333869687,0.09920432140464851,0.12388369476634589,0.016298683373569076,5.0,5.0,0.0,68.41666666666667,74.0,2.9285472318009296,47.5,51.0,2.3979157616563596
/home/aadarwal/repos/topology/ICL/results/expanded_hard_sweeps/n5_m12_N3_D2/g0187_random_sc_seed92_trainseed3,g0187_random_sc_seed92_trainseed3,random_sc_n5_m12_seed92,random_sc_n5_m12_seed92,full,,3,3,0,5,12,8,96,96,12,8,1.0,1.0,1.0,0.0,0.0,48,88,40,22,22.0,22,0.0,22,22.0,22,0.0,artifact,24,24.0,24,0.0,24,24.0,24,0.0,artifact,11,9.084968325580327,3.619948864182048,72.67974660464266,3.619948864182048,0.5098241215562822,0.2714285714285716,0.010393046107331822,0.1517857142857142,0.0,1.45,96.04,96.6,94.0,96.0,86.15,4.5,96.4,95.8,16.333831787109375,5,12,3,2,8,88,22,22.0,1.0,2,2.0,2,22.0,22.0,22.0,0.0,33.0,33.0,33.0,0.0,1.0,1.7917594692280547,5.999999999999998,5,168.0,5.6,7.0,1.0,5.0,5.0,5.0,0.0,14.0,14.0,14.0,0.0,30.0,33.6,42.0,0.0714285714285714,4.950950773339135,1.0,2.281563216769485,0.2523719487138202,1.0,1.0,2.281563216769485,0.2523719487138202,1.0,0.877,0.31541473684473703,-0.019362166200501116,1.0,0.877,0.31541473684473703,-0.019362166200501116,1.0,0.28367525570667673,0.28367525570667673,12,max,1.0,0.0,0.4121666666666666,0.443,0.016369857122840812,0.39408333333333334,0.431,0.02271364616749636,-0.13496969769530234,-0.08936568529577979,0.04235677505268328,3.4097434241235955,3.7989920515881446,0.23421484394539674,0.07009927916344089,0.0856230106136015,0.00990502211091635,12,0.016325755081604054,0.04214717089301744,0.009490363333869687,0.09920432140464851,0.12388369476634589,0.016298683373569076,5.0,5.0,0.0,68.41666666666667,74.0,2.9285472318009296,47.5,51.0,2.3979157616563596
/home/aadarwal/repos/topology/ICL/results/expanded_hard_sweeps/n5_m12_N3_D2/g0187_random_sc_seed92_trainseed4,g0187_random_sc_seed92_trainseed4,random_sc_n5_m12_seed92,random_sc_n5_m12_seed92,full,,4,4,0,5,12,8,96,96,12,8,1.0,1.0,1.0,0.0,0.0,48,88,40,22,22.0,22,0.0,22,22.0,22,0.0,artifact,24,24.0,24,0.0,24,24.0,24,0.0,artifact,11,9.084968325580327,3.619948864182048,72.67974660464266,3.619948864182048,0.5098241215562822,0.2714285714285716,0.010393046107331822,0.1517857142857142,0.0,1.45,96.1,96.2,96.0,96.5,84.25,2.5,96.2,94.8,16.105777740478516,5,12,3,2,8,88,22,22.0,1.0,2,2.0,2,22.0,22.0,22.0,0.0,33.0,33.0,33.0,0.0,1.0,1.7917594692280547,5.999999999999998,5,168.0,5.6,7.0,1.0,5.0,5.0,5.0,0.0,14.0,14.0,14.0,0.0,30.0,33.6,42.0,0.0714285714285714,4.950950773339135,1.0,2.281563216769485,0.2523719487138202,1.0,1.0,2.281563216769485,0.2523719487138202,1.0,0.877,0.31541473684473703,-0.019362166200501116,1.0,0.877,0.31541473684473703,-0.019362166200501116,1.0,0.28367525570667673,0.28367525570667673,12,max,1.0,0.0,0.4121666666666666,0.443,0.016369857122840812,0.39408333333333334,0.431,0.02271364616749636,-0.13496969769530234,-0.08936568529577979,0.04235677505268328,3.4097434241235955,3.7989920515881446,0.23421484394539674,0.07009927916344089,0.0856230106136015,0.00990502211091635,12,0.016325755081604054,0.04214717089301744,0.009490363333869687,0.09920432140464851,0.12388369476634589,0.016298683373569076,5.0,5.0,0.0,68.41666666666667,74.0,2.9285472318009296,47.5,51.0,2.3979157616563596
/home/aadarwal/repos/topology/ICL/results/expanded_hard_sweeps/n5_m12_N3_D2/g0187_random_sc_seed92_trainseed5,g0187_random_sc_seed92_trainseed5,random_sc_n5_m12_seed92,random_sc_n5_m12_seed92,full,,5,5,0,5,12,8,96,96,12,8,1.0,1.0,1.0,0.0,0.0,48,88,40,22,22.0,22,0.0,22,22.0,22,0.0,artifact,24,24.0,24,0.0,24,24.0,24,0.0,artifact,11,9.084968325580327,3.619948864182048,72.67974660464266,3.619948864182048,0.5098241215562822,0.2714285714285716,0.010393046107331822,0.1517857142857142,0.0,1.45,96.46,95.2,96.0,96.5,92.95,2.5,97.2,95.2,16.222167253494263,5,12,3,2,8,88,22,22.0,1.0,2,2.0,2,22.0,22.0,22.0,0.0,33.0,33.0,33.0,0.0,1.0,1.7917594692280547,5.999999999999998,5,168.0,5.6,7.0,1.0,5.0,5.0,5.0,0.0,14.0,14.0,14.0,0.0,30.0,33.6,42.0,0.0714285714285714,4.950950773339135,1.0,2.281563216769485,0.2523719487138202,1.0,1.0,2.281563216769485,0.2523719487138202,1.0,0.877,0.31541473684473703,-0.019362166200501116,1.0,0.877,0.31541473684473703,-0.019362166200501116,1.0,0.28367525570667673,0.28367525570667673,12,max,1.0,0.0,0.4121666666666666,0.443,0.016369857122840812,0.39408333333333334,0.431,0.02271364616749636,-0.13496969769530234,-0.08936568529577979,0.04235677505268328,3.4097434241235955,3.7989920515881446,0.23421484394539674,0.07009927916344089,0.0856230106136015,0.00990502211091635,12,0.016325755081604054,0.04214717089301744,0.009490363333869687,0.09920432140464851,0.12388369476634589,0.016298683373569076,5.0,5.0,0.0,68.41666666666667,74.0,2.9285472318009296,47.5,51.0,2.3979157616563596
/home/aadarwal/repos/topology/ICL/results/expanded_hard_sweeps/n5_m12_N3_D2/g0267_hub_spoke_seed76_trainseed1,g0267_hub_spoke_seed76_trainseed1,hub_spoke_n5_m12_seed76,hub_spoke_n5_m12_seed76,full,,1,1,0,5,12,8,96,96,12,8,1.0,1.0,1.0,0.0,0.0,48,88,40,22,22.0,22,0.0,22,22.0,22,0.0,artifact,24,24.0,24,0.0,24,24.0,24,0.0,artifact,11,8.023994995704754,4.600884908466828,64.19195996563803,4.600884908466828,0.3938299643454349,0.21714285714285708,0.0365079365079365,0.29166666666666674,0.0,1.4,91.46,89.3,93.5,93.5,80.6,4.5,90.6,89.6,16.40591311454773,5,12,3,2,8,88,22,22.0,1.0,2,2.0,2,22.0,22.0,22.0,0.0,33.0,33.0,33.0,0.0,1.0,1.7917594692280547,5.999999999999998,5,132.0,4.4,6.0,1.0,5.0,5.0,5.0,0.0,12.0,12.0,12.0,0.0,12.0,26.4,36.0,0.18181818181818188,4.695472215803778,1.0,2.281563216769485,0.2523719487138202,1.0,1.0,2.281563216769485,0.2523719487138202,1.0,0.877,0.31541473684473703,-0.019362166200501116,1.0,0.877,0.31541473684473703,-0.019362166200501116,1.0,0.28367525570667673,0.28367525570667673,12,max,1.0,0.0,0.40391666666666676,0.443,0.027687115936638987,0.38175,0.425,0.023345681256569356,-0.1502401821788322,-0.06345581532334012,0.041596307224212266,3.0988719266984,3.6116718224963953,0.2750132153753256,0.09501666096890976,0.1247620552105414,0.01902693184151742,12,0.013124368525195926,0.022800220037713894,0.004899331514503029,0.06801362771254571,0.1002298975180456,0.01715622434401894,5.0,5.0,0.0,32.333333333333336,35.0,1.49071198499986,25.916666666666668,28.0,1.6051133570215186
/home/aadarwal/repos/topology/ICL/results/expanded_hard_sweeps/n5_m12_N3_D2/g0267_hub_spoke_seed76_trainseed2,g0267_hub_spoke_seed76_trainseed2,hub_spoke_n5_m12_seed76,hub_spoke_n5_m12_seed76,full,,2,2,0,5,12,8,96,96,12,8,1.0,1.0,1.0,0.0,0.0,48,88,40,22,22.0,22,0.0,22,22.0,22,0.0,artifact,24,24.0,24,0.0,24,24.0,24,0.0,artifact,11,8.023994995704754,4.600884908466828,64.19195996563803,4.600884908466828,0.3938299643454349,0.21714285714285708,0.0365079365079365,0.29166666666666674,0.0,1.4,74.8,74.6,75.0,75.0,69.85,1.5,71.6,70.2,15.423841953277588,5,12,3,2,8,88,22,22.0,1.0,2,2.0,2,22.0,22.0,22.0,0.0,33.0,33.0,33.0,0.0,1.0,1.7917594692280547,5.999999999999998,5,132.0,4.4,6.0,1.0,5.0,5.0,5.0,0.0,12.0,12.0,12.0,0.0,12.0,26.4,36.0,0.18181818181818188,4.695472215803778,1.0,2.281563216769485,0.2523719487138202,1.0,1.0,2.281563216769485,0.2523719487138202,1.0,0.877,0.31541473684473703,-0.019362166200501116,1.0,0.877,0.31541473684473703,-0.019362166200501116,1.0,0.28367525570667673,0.28367525570667673,12,max,1.0,0.0,0.40391666666666676,0.443,0.027687115936638987,0.38175,0.425,0.023345681256569356,-0.1502401821788322,-0.06345581532334012,0.041596307224212266,3.0988719266984,3.6116718224963953,0.2750132153753256,0.09501666096890976,0.1247620552105414,0.01902693184151742,12,0.013124368525195926,0.022800220037713894,0.004899331514503029,0.06801362771254571,0.1002298975180456,0.01715622434401894,5.0,5.0,0.0,32.333333333333336,35.0,1.49071198499986,25.916666666666668,28.0,1.6051133570215186
/home/aadarwal/repos/topology/ICL/results/expanded_hard_sweeps/n5_m12_N3_D2/g0267_hub_spoke_seed76_trainseed3,g0267_hub_spoke_seed76_trainseed3,hub_spoke_n5_m12_seed76,hub_spoke_n5_m12_seed76,full,,3,3,0,5,12,8,96,96,12,8,1.0,1.0,1.0,0.0,0.0,48,88,40,22,22.0,22,0.0,22,22.0,22,0.0,artifact,24,24.0,24,0.0,24,24.0,24,0.0,artifact,11,8.023994995704754,4.600884908466828,64.19195996563803,4.600884908466828,0.3938299643454349,0.21714285714285708,0.0365079365079365,0.29166666666666674,0.0,1.4,82.14,81.7,82.5,82.5,74.05,3.0,81.4,78.0,14.413140296936035,5,12,3,2,8,88,22,22.0,1.0,2,2.0,2,22.0,22.0,22.0,0.0,33.0,33.0,33.0,0.0,1.0,1.7917594692280547,5.999999999999998,5,132.0,4.4,6.0,1.0,5.0,5.0,5.0,0.0,12.0,12.0,12.0,0.0,12.0,26.4,36.0,0.18181818181818188,4.695472215803778,1.0,2.281563216769485,0.2523719487138202,1.0,1.0,2.281563216769485,0.2523719487138202,1.0,0.877,0.31541473684473703,-0.019362166200501116,1.0,0.877,0.31541473684473703,-0.019362166200501116,1.0,0.28367525570667673,0.28367525570667673,12,max,1.0,0.0,0.40391666666666676,0.443,0.027687115936638987,0.38175,0.425,0.023345681256569356,-0.1502401821788322,-0.06345581532334012,0.041596307224212266,3.0988719266984,3.6116718224963953,0.2750132153753256,0.09501666096890976,0.1247620552105414,0.01902693184151742,12,0.013124368525195926,0.022800220037713894,0.004899331514503029,0.06801362771254571,0.1002298975180456,0.01715622434401894,5.0,5.0,0.0,32.333333333333336,35.0,1.49071198499986,25.916666666666668,28.0,1.6051133570215186
/home/aadarwal/repos/topology/ICL/results/expanded_hard_sweeps/n5_m12_N3_D2/g0267_hub_spoke_seed76_trainseed4,g0267_hub_spoke_seed76_trainseed4,hub_spoke_n5_m12_seed76,hub_spoke_n5_m12_seed76,full,,4,4,0,5,12,8,96,96,12,8,1.0,1.0,1.0,0.0,0.0,48,88,40,22,22.0,22,0.0,22,22.0,22,0.0,artifact,24,24.0,24,0.0,24,24.0,24,0.0,artifact,11,8.023994995704754,4.600884908466828,64.19195996563803,4.600884908466828,0.3938299643454349,0.21714285714285708,0.0365079365079365,0.29166666666666674,0.0,1.4,69.36,68.5,70.0,70.0,66.3,2.0,67.8,65.8,15.368449449539185,5,12,3,2,8,88,22,22.0,1.0,2,2.0,2,22.0,22.0,22.0,0.0,33.0,33.0,33.0,0.0,1.0,1.7917594692280547,5.999999999999998,5,132.0,4.4,6.0,1.0,5.0,5.0,5.0,0.0,12.0,12.0,12.0,0.0,12.0,26.4,36.0,0.18181818181818188,4.695472215803778,1.0,2.281563216769485,0.2523719487138202,1.0,1.0,2.281563216769485,0.2523719487138202,1.0,0.877,0.31541473684473703,-0.019362166200501116,1.0,0.877,0.31541473684473703,-0.019362166200501116,1.0,0.28367525570667673,0.28367525570667673,12,max,1.0,0.0,0.40391666666666676,0.443,0.027687115936638987,0.38175,0.425,0.023345681256569356,-0.1502401821788322,-0.06345581532334012,0.041596307224212266,3.0988719266984,3.6116718224963953,0.2750132153753256,0.09501666096890976,0.1247620552105414,0.01902693184151742,12,0.013124368525195926,0.022800220037713894,0.004899331514503029,0.06801362771254571,0.1002298975180456,0.01715622434401894,5.0,5.0,0.0,32.333333333333336,35.0,1.49071198499986,25.916666666666668,28.0,1.6051133570215186
/home/aadarwal/repos/topology/ICL/results/expanded_hard_sweeps/n5_m12_N3_D2/g0267_hub_spoke_seed76_trainseed5,g0267_hub_spoke_seed76_trainseed5,hub_spoke_n5_m12_seed76,hub_spoke_n5_m12_seed76,full,,5,5,0,5,12,8,96,96,12,8,1.0,1.0,1.0,0.0,0.0,48,88,40,22,22.0,22,0.0,22,22.0,22,0.0,artifact,24,24.0,24,0.0,24,24.0,24,0.0,artifact,11,8.023994995704754,4.600884908466828,64.19195996563803,4.600884908466828,0.3938299643454349,0.21714285714285708,0.0365079365079365,0.29166666666666674,0.0,1.4,85.68,87.2,86.5,86.5,79.95,2.5,87.6,84.8,15.388113260269165,5,12,3,2,8,88,22,22.0,1.0,2,2.0,2,22.0,22.0,22.0,0.0,33.0,33.0,33.0,0.0,1.0,1.7917594692280547,5.999999999999998,5,132.0,4.4,6.0,1.0,5.0,5.0,5.0,0.0,12.0,12.0,12.0,0.0,12.0,26.4,36.0,0.18181818181818188,4.695472215803778,1.0,2.281563216769485,0.2523719487138202,1.0,1.0,2.281563216769485,0.2523719487138202,1.0,0.877,0.31541473684473703,-0.019362166200501116,1.0,0.877,0.31541473684473703,-0.019362166200501116,1.0,0.28367525570667673,0.28367525570667673,12,max,1.0,0.0,0.40391666666666676,0.443,0.027687115936638987,0.38175,0.425,0.023345681256569356,-0.1502401821788322,-0.06345581532334012,0.041596307224212266,3.0988719266984,3.6116718224963953,0.2750132153753256,0.09501666096890976,0.1247620552105414,0.01902693184151742,12,0.013124368525195926,0.022800220037713894,0.004899331514503029,0.06801362771254571,0.1002298975180456,0.01715622434401894,5.0,5.0,0.0,32.333333333333336,35.0,1.49071198499986,25.916666666666668,28.0,1.6051133570215186
/home/aadarwal/repos/topology/ICL/results/expanded_hard_sweeps/n5_m12_N3_D2/g0289_two_module_seed2_trainseed1,g0289_two_module_seed2_trainseed1,two_module_n5_m12_seed2,two_module_n5_m12_seed2,full,,1,1,0,5,12,8,96,96,12,8,1.0,1.0,1.0,0.0,0.0,48,88,40,22,22.0,22,0.0,22,22.0,22,0.0,artifact,24,24.0,24,0.0,24,24.0,24,0.0,artifact,11,7.810778149503936,5.642794690155266,62.48622519603156,5.642794690155266,0.6843692543982401,0.3627906976744186,0.01742683732948741,0.22577519379844957,0.0,1.5,85.12,84.5,82.0,82.5,79.5,5.0,84.6,83.4,15.087178468704224,5,12,3,2,8,88,22,22.0,1.0,2,2.0,2,22.0,22.0,22.0,0.0,33.0,33.0,33.0,0.0,1.0,1.7917594692280547,5.999999999999998,5,126.0,4.2,7.0,1.0,5.0,5.0,5.0,0.0,14.0,14.0,14.0,0.0,12.0,25.2,42.0,0.24761904761904763,4.499882124688025,1.0,2.281563216769485,0.2523719487138202,1.0,1.0,2.281563216769485,0.2523719487138202,1.0,0.877,0.31541473684473703,-0.019362166200501116,1.0,0.877,0.31541473684473703,-0.019362166200501116,1.0,0.28367525570667673,0.28367525570667673,12,max,1.0,0.0,0.4025000000000001,0.445,0.027518175811634026,0.3928333333333333,0.439,0.03270788216249342,-0.17840210616429217,-0.06855475790282224,0.04569780872006952,2.9415204284642584,3.482634738163717,0.3280560610790609,0.11207712273295856,0.16302312248347967,0.026739263817545062,12,0.017406605710914142,0.03178780506914904,0.008139710020712202,0.06911161451475945,0.09897812111946476,0.015858341779983957,5.0,5.0,0.0,39.5,42.0,1.7559422921421233,31.333333333333332,36.0,2.748737083745107
/home/aadarwal/repos/topology/ICL/results/expanded_hard_sweeps/n5_m12_N3_D2/g0289_two_module_seed2_trainseed2,g0289_two_module_seed2_trainseed2,two_module_n5_m12_seed2,two_module_n5_m12_seed2,full,,2,2,0,5,12,8,96,96,12,8,1.0,1.0,1.0,0.0,0.0,48,88,40,22,22.0,22,0.0,22,22.0,22,0.0,artifact,24,24.0,24,0.0,24,24.0,24,0.0,artifact,11,7.810778149503936,5.642794690155266,62.48622519603156,5.642794690155266,0.6843692543982401,0.3627906976744186,0.01742683732948741,0.22577519379844957,0.0,1.5,93.56,94.5,92.5,92.5,82.65,1.0,92.0,92.8,14.97003436088562,5,12,3,2,8,88,22,22.0,1.0,2,2.0,2,22.0,22.0,22.0,0.0,33.0,33.0,33.0,0.0,1.0,1.7917594692280547,5.999999999999998,5,126.0,4.2,7.0,1.0,5.0,5.0,5.0,0.0,14.0,14.0,14.0,0.0,12.0,25.2,42.0,0.24761904761904763,4.499882124688025,1.0,2.281563216769485,0.2523719487138202,1.0,1.0,2.281563216769485,0.2523719487138202,1.0,0.877,0.31541473684473703,-0.019362166200501116,1.0,0.877,0.31541473684473703,-0.019362166200501116,1.0,0.28367525570667673,0.28367525570667673,12,max,1.0,0.0,0.4025000000000001,0.445,0.027518175811634026,0.3928333333333333,0.439,0.03270788216249342,-0.17840210616429217,-0.06855475790282224,0.04569780872006952,2.9415204284642584,3.482634738163717,0.3280560610790609,0.11207712273295856,0.16302312248347967,0.026739263817545062,12,0.017406605710914142,0.03178780506914904,0.008139710020712202,0.06911161451475945,0.09897812111946476,0.015858341779983957,5.0,5.0,0.0,39.5,42.0,1.7559422921421233,31.333333333333332,36.0,2.748737083745107
/home/aadarwal/repos/topology/ICL/results/expanded_hard_sweeps/n5_m12_N3_D2/g0289_two_module_seed2_trainseed3,g0289_two_module_seed2_trainseed3,two_module_n5_m12_seed2,two_module_n5_m12_seed2,full,,3,3,0,5,12,8,96,96,12,8,1.0,1.0,1.0,0.0,0.0,48,88,40,22,22.0,22,0.0,22,22.0,22,0.0,artifact,24,24.0,24,0.0,24,24.0,24,0.0,artifact,11,7.810778149503936,5.642794690155266,62.48622519603156,5.642794690155266,0.6843692543982401,0.3627906976744186,0.01742683732948741,0.22577519379844957,0.0,1.5,89.38,89.6,86.5,94.0,81.75,4.5,88.0,88.0,14.9922194480896,5,12,3,2,8,88,22,22.0,1.0,2,2.0,2,22.0,22.0,22.0,0.0,33.0,33.0,33.0,0.0,1.0,1.7917594692280547,5.999999999999998,5,126.0,4.2,7.0,1.0,5.0,5.0,5.0,0.0,14.0,14.0,14.0,0.0,12.0,25.2,42.0,0.24761904761904763,4.499882124688025,1.0,2.281563216769485,0.2523719487138202,1.0,1.0,2.281563216769485,0.2523719487138202,1.0,0.877,0.31541473684473703,-0.019362166200501116,1.0,0.877,0.31541473684473703,-0.019362166200501116,1.0,0.28367525570667673,0.28367525570667673,12,max,1.0,0.0,0.4025000000000001,0.445,0.027518175811634026,0.3928333333333333,0.439,0.03270788216249342,-0.17840210616429217,-0.06855475790282224,0.04569780872006952,2.9415204284642584,3.482634738163717,0.3280560610790609,0.11207712273295856,0.16302312248347967,0.026739263817545062,12,0.017406605710914142,0.03178780506914904,0.008139710020712202,0.06911161451475945,0.09897812111946476,0.015858341779983957,5.0,5.0,0.0,39.5,42.0,1.7559422921421233,31.333333333333332,36.0,2.748737083745107
/home/aadarwal/repos/topology/ICL/results/expanded_hard_sweeps/n5_m12_N3_D2/g0289_two_module_seed2_trainseed4,g0289_two_module_seed2_trainseed4,two_module_n5_m12_seed2,two_module_n5_m12_seed2,full,,4,4,0,5,12,8,96,96,12,8,1.0,1.0,1.0,0.0,0.0,48,88,40,22,22.0,22,0.0,22,22.0,22,0.0,artifact,24,24.0,24,0.0,24,24.0,24,0.0,artifact,11,7.810778149503936,5.642794690155266,62.48622519603156,5.642794690155266,0.6843692543982401,0.3627906976744186,0.01742683732948741,0.22577519379844957,0.0,1.5,85.76,86.2,84.5,84.5,74.6,2.0,85.2,84.0,15.002283811569214,5,12,3,2,8,88,22,22.0,1.0,2,2.0,2,22.0,22.0,22.0,0.0,33.0,33.0,33.0,0.0,1.0,1.7917594692280547,5.999999999999998,5,126.0,4.2,7.0,1.0,5.0,5.0,5.0,0.0,14.0,14.0,14.0,0.0,12.0,25.2,42.0,0.24761904761904763,4.499882124688025,1.0,2.281563216769485,0.2523719487138202,1.0,1.0,2.281563216769485,0.2523719487138202,1.0,0.877,0.31541473684473703,-0.019362166200501116,1.0,0.877,0.31541473684473703,-0.019362166200501116,1.0,0.28367525570667673,0.28367525570667673,12,max,1.0,0.0,0.4025000000000001,0.445,0.027518175811634026,0.3928333333333333,0.439,0.03270788216249342,-0.17840210616429217,-0.06855475790282224,0.04569780872006952,2.9415204284642584,3.482634738163717,0.3280560610790609,0.11207712273295856,0.16302312248347967,0.026739263817545062,12,0.017406605710914142,0.03178780506914904,0.008139710020712202,0.06911161451475945,0.09897812111946476,0.015858341779983957,5.0,5.0,0.0,39.5,42.0,1.7559422921421233,31.333333333333332,36.0,2.748737083745107
/home/aadarwal/repos/topology/ICL/results/expanded_hard_sweeps/n5_m12_N3_D2/g0289_two_module_seed2_trainseed5,g0289_two_module_seed2_trainseed5,two_module_n5_m12_seed2,two_module_n5_m12_seed2,full,,5,5,0,5,12,8,96,96,12,8,1.0,1.0,1.0,0.0,0.0,48,88,40,22,22.0,22,0.0,22,22.0,22,0.0,artifact,24,24.0,24,0.0,24,24.0,24,0.0,artifact,11,7.810778149503936,5.642794690155266,62.48622519603156,5.642794690155266,0.6843692543982401,0.3627906976744186,0.01742683732948741,0.22577519379844957,0.0,1.5,69.92,70.0,75.0,75.0,67.2,2.0,69.6,67.4,15.045168399810791,5,12,3,2,8,88,22,22.0,1.0,2,2.0,2,22.0,22.0,22.0,0.0,33.0,33.0,33.0,0.0,1.0,1.7917594692280547,5.999999999999998,5,126.0,4.2,7.0,1.0,5.0,5.0,5.0,0.0,14.0,14.0,14.0,0.0,12.0,25.2,42.0,0.24761904761904763,4.499882124688025,1.0,2.281563216769485,0.2523719487138202,1.0,1.0,2.281563216769485,0.2523719487138202,1.0,0.877,0.31541473684473703,-0.019362166200501116,1.0,0.877,0.31541473684473703,-0.019362166200501116,1.0,0.28367525570667673,0.28367525570667673,12,max,1.0,0.0,0.4025000000000001,0.445,0.027518175811634026,0.3928333333333333,0.439,0.03270788216249342,-0.17840210616429217,-0.06855475790282224,0.04569780872006952,2.9415204284642584,3.482634738163717,0.3280560610790609,0.11207712273295856,0.16302312248347967,0.026739263817545062,12,0.017406605710914142,0.03178780506914904,0.008139710020712202,0.06911161451475945,0.09897812111946476,0.015858341779983957,5.0,5.0,0.0,39.5,42.0,1.7559422921421233,31.333333333333332,36.0,2.748737083745107
/home/aadarwal/repos/topology/ICL/results/expanded_hard_sweeps/n5_m12_N3_D2/g0295_two_module_seed9_trainseed1,g0295_two_module_seed9_trainseed1,two_module_n5_m12_seed9,two_module_n5_m12_seed9,full,,1,1,0,5,12,8,96,96,12,8,1.0,1.0,1.0,0.0,0.0,48,88,40,22,22.0,22,0.0,22,22.0,22,0.0,artifact,24,24.0,24,0.0,24,24.0,24,0.0,artifact,11,7.774488657482724,5.448141446093253,62.195909259861835,5.448141446093253,0.5585548057929322,0.3090909090909091,0.018279384756657486,0.22253787878787845,0.0,1.5,83.2,82.7,78.5,81.5,77.9,5.0,83.0,82.2,16.36320161819458,5,12,3,2,8,88,22,22.0,1.0,2,2.0,2,22.0,22.0,22.0,0.0,33.0,33.0,33.0,0.0,1.0,1.7917594692280547,5.999999999999998,5,138.0,4.6,7.0,1.0,5.0,5.0,5.0,0.0,14.0,14.0,14.0,0.0,12.0,27.6,42.0,0.20869565217391317,4.6338227144697735,1.0,2.281563216769485,0.2523719487138202,1.0,1.0,2.281563216769485,0.2523719487138202,1.0,0.877,0.31541473684473703,-0.019362166200501116,1.0,0.877,0.31541473684473703,-0.019362166200501116,1.0,0.28367525570667673,0.28367525570667673,12,max,1.0,0.0,0.40324999999999994,0.455,0.028893843058109575,0.39475,0.455,0.03130262236086087,-0.16336095495215255,-0.03902723895917772,0.05677620971864065,3.157722625185207,3.6994637366955123,0.3746571962579035,0.09818044882722336,0.15669991168725564,0.02670456305404281,12,0.016475487547904427,0.027209602687565764,0.006831158290406423,0.06583199256159729,0.09941633181884427,0.014980179123079333,5.0,5.0,0.0,39.833333333333336,43.0,1.343709624716425,31.666666666666668,36.0,2.8087165910587863
/home/aadarwal/repos/topology/ICL/results/expanded_hard_sweeps/n5_m12_N3_D2/g0295_two_module_seed9_trainseed2,g0295_two_module_seed9_trainseed2,two_module_n5_m12_seed9,two_module_n5_m12_seed9,full,,2,2,0,5,12,8,96,96,12,8,1.0,1.0,1.0,0.0,0.0,48,88,40,22,22.0,22,0.0,22,22.0,22,0.0,artifact,24,24.0,24,0.0,24,24.0,24,0.0,artifact,11,7.774488657482724,5.448141446093253,62.195909259861835,5.448141446093253,0.5585548057929322,0.3090909090909091,0.018279384756657486,0.22253787878787845,0.0,1.5,88.08,89.3,84.0,89.5,82.05,1.0,86.2,85.0,16.385821104049683,5,12,3,2,8,88,22,22.0,1.0,2,2.0,2,22.0,22.0,22.0,0.0,33.0,33.0,33.0,0.0,1.0,1.7917594692280547,5.999999999999998,5,138.0,4.6,7.0,1.0,5.0,5.0,5.0,0.0,14.0,14.0,14.0,0.0,12.0,27.6,42.0,0.20869565217391317,4.6338227144697735,1.0,2.281563216769485,0.2523719487138202,1.0,1.0,2.281563216769485,0.2523719487138202,1.0,0.877,0.31541473684473703,-0.019362166200501116,1.0,0.877,0.31541473684473703,-0.019362166200501116,1.0,0.28367525570667673,0.28367525570667673,12,max,1.0,0.0,0.40324999999999994,0.455,0.028893843058109575,0.39475,0.455,0.03130262236086087,-0.16336095495215255,-0.03902723895917772,0.05677620971864065,3.157722625185207,3.6994637366955123,0.3746571962579035,0.09818044882722336,0.15669991168725564,0.02670456305404281,12,0.016475487547904427,0.027209602687565764,0.006831158290406423,0.06583199256159729,0.09941633181884427,0.014980179123079333,5.0,5.0,0.0,39.833333333333336,43.0,1.343709624716425,31.666666666666668,36.0,2.8087165910587863
/home/aadarwal/repos/topology/ICL/results/expanded_hard_sweeps/n5_m12_N3_D2/g0295_two_module_seed9_trainseed3,g0295_two_module_seed9_trainseed3,two_module_n5_m12_seed9,two_module_n5_m12_seed9,full,,3,3,0,5,12,8,96,96,12,8,1.0,1.0,1.0,0.0,0.0,48,88,40,22,22.0,22,0.0,22,22.0,22,0.0,artifact,24,24.0,24,0.0,24,24.0,24,0.0,artifact,11,7.774488657482724,5.448141446093253,62.195909259861835,5.448141446093253,0.5585548057929322,0.3090909090909091,0.018279384756657486,0.22253787878787845,0.0,1.5,77.5,76.7,73.0,77.0,72.25,3.0,79.0,74.6,16.266804695129395,5,12,3,2,8,88,22,22.0,1.0,2,2.0,2,22.0,22.0,22.0,0.0,33.0,33.0,33.0,0.0,1.0,1.7917594692280547,5.999999999999998,5,138.0,4.6,7.0,1.0,5.0,5.0,5.0,0.0,14.0,14.0,14.0,0.0,12.0,27.6,42.0,0.20869565217391317,4.6338227144697735,1.0,2.281563216769485,0.2523719487138202,1.0,1.0,2.281563216769485,0.2523719487138202,1.0,0.877,0.31541473684473703,-0.019362166200501116,1.0,0.877,0.31541473684473703,-0.019362166200501116,1.0,0.28367525570667673,0.28367525570667673,12,max,1.0,0.0,0.40324999999999994,0.455,0.028893843058109575,0.39475,0.455,0.03130262236086087,-0.16336095495215255,-0.03902723895917772,0.05677620971864065,3.157722625185207,3.6994637366955123,0.3746571962579035,0.09818044882722336,0.15669991168725564,0.02670456305404281,12,0.016475487547904427,0.027209602687565764,0.006831158290406423,0.06583199256159729,0.09941633181884427,0.014980179123079333,5.0,5.0,0.0,39.833333333333336,43.0,1.343709624716425,31.666666666666668,36.0,2.8087165910587863
/home/aadarwal/repos/topology/ICL/results/expanded_hard_sweeps/n5_m12_N3_D2/g0295_two_module_seed9_trainseed4,g0295_two_module_seed9_trainseed4,two_module_n5_m12_seed9,two_module_n5_m12_seed9,full,,4,4,0,5,12,8,96,96,12,8,1.0,1.0,1.0,0.0,0.0,48,88,40,22,22.0,22,0.0,22,22.0,22,0.0,artifact,24,24.0,24,0.0,24,24.0,24,0.0,artifact,11,7.774488657482724,5.448141446093253,62.195909259861835,5.448141446093253,0.5585548057929322,0.3090909090909091,0.018279384756657486,0.22253787878787845,0.0,1.5,77.3,76.5,77.5,77.5,70.45,2.5,79.0,77.2,16.424534797668457,5,12,3,2,8,88,22,22.0,1.0,2,2.0,2,22.0,22.0,22.0,0.0,33.0,33.0,33.0,0.0,1.0,1.7917594692280547,5.999999999999998,5,138.0,4.6,7.0,1.0,5.0,5.0,5.0,0.0,14.0,14.0,14.0,0.0,12.0,27.6,42.0,0.20869565217391317,4.6338227144697735,1.0,2.281563216769485,0.2523719487138202,1.0,1.0,2.281563216769485,0.2523719487138202,1.0,0.877,0.31541473684473703,-0.019362166200501116,1.0,0.877,0.31541473684473703,-0.019362166200501116,1.0,0.28367525570667673,0.28367525570667673,12,max,1.0,0.0,0.40324999999999994,0.455,0.028893843058109575,0.39475,0.455,0.03130262236086087,-0.16336095495215255,-0.03902723895917772,0.05677620971864065,3.157722625185207,3.6994637366955123,0.3746571962579035,0.09818044882722336,0.15669991168725564,0.02670456305404281,12,0.016475487547904427,0.027209602687565764,0.006831158290406423,0.06583199256159729,0.09941633181884427,0.014980179123079333,5.0,5.0,0.0,39.833333333333336,43.0,1.343709624716425,31.666666666666668,36.0,2.8087165910587863
/home/aadarwal/repos/topology/ICL/results/expanded_hard_sweeps/n5_m12_N3_D2/g0295_two_module_seed9_trainseed5,g0295_two_module_seed9_trainseed5,two_module_n5_m12_seed9,two_module_n5_m12_seed9,full,,5,5,0,5,12,8,96,96,12,8,1.0,1.0,1.0,0.0,0.0,48,88,40,22,22.0,22,0.0,22,22.0,22,0.0,artifact,24,24.0,24,0.0,24,24.0,24,0.0,artifact,11,7.774488657482724,5.448141446093253,62.195909259861835,5.448141446093253,0.5585548057929322,0.3090909090909091,0.018279384756657486,0.22253787878787845,0.0,1.5,77.02,76.1,78.0,78.0,69.6,2.0,77.8,75.2,16.243975162506104,5,12,3,2,8,88,22,22.0,1.0,2,2.0,2,22.0,22.0,22.0,0.0,33.0,33.0,33.0,0.0,1.0,1.7917594692280547,5.999999999999998,5,138.0,4.6,7.0,1.0,5.0,5.0,5.0,0.0,14.0,14.0,14.0,0.0,12.0,27.6,42.0,0.20869565217391317,4.6338227144697735,1.0,2.281563216769485,0.2523719487138202,1.0,1.0,2.281563216769485,0.2523719487138202,1.0,0.877,0.31541473684473703,-0.019362166200501116,1.0,0.877,0.31541473684473703,-0.019362166200501116,1.0,0.28367525570667673,0.28367525570667673,12,max,1.0,0.0,0.40324999999999994,0.455,0.028893843058109575,0.39475,0.455,0.03130262236086087,-0.16336095495215255,-0.03902723895917772,0.05677620971864065,3.157722625185207,3.6994637366955123,0.3746571962579035,0.09818044882722336,0.15669991168725564,0.02670456305404281,12,0.016475487547904427,0.027209602687565764,0.006831158290406423,0.06583199256159729,0.09941633181884427,0.014980179123079333,5.0,5.0,0.0,39.833333333333336,43.0,1.343709624716425,31.666666666666668,36.0,2.8087165910587863
/home/aadarwal/repos/topology/ICL/results/expanded_hard_sweeps/n5_m12_N3_D2/g0354_degree_balanced_seed9_trainseed1,g0354_degree_balanced_seed9_trainseed1,degree_balanced_n5_m12_seed9,degree_balanced_n5_m12_seed9,full,,1,1,0,5,12,8,96,96,12,8,1.0,1.0,1.0,0.0,0.0,48,88,40,22,22.0,22,0.0,22,22.0,22,0.0,artifact,24,24.0,24,0.0,24,24.0,24,0.0,artifact,11,8.926156311337124,2.8709247025015543,71.40925049069702,2.8709247025015543,0.0,0.0,0.006466743560169165,0.1372549019607845,0.0,1.4,97.44,96.8,97.0,98.5,90.1,5.0,98.2,96.6,16.202240228652954,5,12,3,2,8,88,22,22.0,1.0,2,2.0,2,22.0,22.0,22.0,0.0,33.0,33.0,33.0,0.0,1.0,1.7917594692280547,5.999999999999998,5,168.0,5.6,6.0,1.0,5.0,5.0,5.0,0.0,12.0,12.0,12.0,0.0,30.0,33.6,36.0,0.04285714285714293,4.980647400358517,1.0,2.281563216769485,0.2523719487138202,1.0,1.0,2.281563216769485,0.2523719487138202,1.0,0.877,0.31541473684473703,-0.019362166200501116,1.0,0.877,0.31541473684473703,-0.019362166200501116,1.0,0.28367525570667673,0.28367525570667673,12,max,1.0,0.0,0.433,0.527,0.038632887544163726,0.4254166666666666,0.5,0.03363147913620347,-0.16069840005526037,-0.07022793239415527,0.04967738228842898,3.680978453440201,3.835304646807493,0.11983882002452236,0.05018532358046196,0.06330206391813865,0.006847264462031524,12,0.011767202336193239,0.0244580647672632,0.005311842726923566,0.09701638576594894,0.13010318327994463,0.01771919484421326,5.0,5.0,0.0,68.83333333333333,73.0,3.435921354681384,47.416666666666664,52.0,3.094574104604524
/home/aadarwal/repos/topology/ICL/results/expanded_hard_sweeps/n5_m12_N3_D2/g0354_degree_balanced_seed9_trainseed2,g0354_degree_balanced_seed9_trainseed2,degree_balanced_n5_m12_seed9,degree_balanced_n5_m12_seed9,full,,2,2,0,5,12,8,96,96,12,8,1.0,1.0,1.0,0.0,0.0,48,88,40,22,22.0,22,0.0,22,22.0,22,0.0,artifact,24,24.0,24,0.0,24,24.0,24,0.0,artifact,11,8.926156311337124,2.8709247025015543,71.40925049069702,2.8709247025015543,0.0,0.0,0.006466743560169165,0.1372549019607845,0.0,1.4,96.64,97.3,97.0,97.5,83.65,1.5,96.2,96.8,14.166786670684814,5,12,3,2,8,88,22,22.0,1.0,2,2.0,2,22.0,22.0,22.0,0.0,33.0,33.0,33.0,0.0,1.0,1.7917594692280547,5.999999999999998,5,168.0,5.6,6.0,1.0,5.0,5.0,5.0,0.0,12.0,12.0,12.0,0.0,30.0,33.6,36.0,0.04285714285714293,4.980647400358517,1.0,2.281563216769485,0.2523719487138202,1.0,1.0,2.281563216769485,0.2523719487138202,1.0,0.877,0.31541473684473703,-0.019362166200501116,1.0,0.877,0.31541473684473703,-0.019362166200501116,1.0,0.28367525570667673,0.28367525570667673,12,max,1.0,0.0,0.433,0.527,0.038632887544163726,0.4254166666666666,0.5,0.03363147913620347,-0.16069840005526037,-0.07022793239415527,0.04967738228842898,3.680978453440201,3.835304646807493,0.11983882002452236,0.05018532358046196,0.06330206391813865,0.006847264462031524,12,0.011767202336193239,0.0244580647672632,0.005311842726923566,0.09701638576594894,0.13010318327994463,0.01771919484421326,5.0,5.0,0.0,68.83333333333333,73.0,3.435921354681384,47.416666666666664,52.0,3.094574104604524
/home/aadarwal/repos/topology/ICL/results/expanded_hard_sweeps/n5_m12_N3_D2/g0354_degree_balanced_seed9_trainseed3,g0354_degree_balanced_seed9_trainseed3,degree_balanced_n5_m12_seed9,degree_balanced_n5_m12_seed9,full,,3,3,0,5,12,8,96,96,12,8,1.0,1.0,1.0,0.0,0.0,48,88,40,22,22.0,22,0.0,22,22.0,22,0.0,artifact,24,24.0,24,0.0,24,24.0,24,0.0,artifact,11,8.926156311337124,2.8709247025015543,71.40925049069702,2.8709247025015543,0.0,0.0,0.006466743560169165,0.1372549019607845,0.0,1.4,95.84,96.2,93.5,95.0,86.1,4.5,94.6,95.6,14.200124979019165,5,12,3,2,8,88,22,22.0,1.0,2,2.0,2,22.0,22.0,22.0,0.0,33.0,33.0,33.0,0.0,1.0,1.7917594692280547,5.999999999999998,5,168.0,5.6,6.0,1.0,5.0,5.0,5.0,0.0,12.0,12.0,12.0,0.0,30.0,33.6,36.0,0.04285714285714293,4.980647400358517,1.0,2.281563216769485,0.2523719487138202,1.0,1.0,2.281563216769485,0.2523719487138202,1.0,0.877,0.31541473684473703,-0.019362166200501116,1.0,0.877,0.31541473684473703,-0.019362166200501116,1.0,0.28367525570667673,0.28367525570667673,12,max,1.0,0.0,0.433,0.527,0.038632887544163726,0.4254166666666666,0.5,0.03363147913620347,-0.16069840005526037,-0.07022793239415527,0.04967738228842898,3.680978453440201,3.835304646807493,0.11983882002452236,0.05018532358046196,0.06330206391813865,0.006847264462031524,12,0.011767202336193239,0.0244580647672632,0.005311842726923566,0.09701638576594894,0.13010318327994463,0.01771919484421326,5.0,5.0,0.0,68.83333333333333,73.0,3.435921354681384,47.416666666666664,52.0,3.094574104604524
/home/aadarwal/repos/topology/ICL/results/expanded_hard_sweeps/n5_m12_N3_D2/g0354_degree_balanced_seed9_trainseed4,g0354_degree_balanced_seed9_trainseed4,degree_balanced_n5_m12_seed9,degree_balanced_n5_m12_seed9,full,,4,4,0,5,12,8,96,96,12,8,1.0,1.0,1.0,0.0,0.0,48,88,40,22,22.0,22,0.0,22,22.0,22,0.0,artifact,24,24.0,24,0.0,24,24.0,24,0.0,artifact,11,8.926156311337124,2.8709247025015543,71.40925049069702,2.8709247025015543,0.0,0.0,0.006466743560169165,0.1372549019607845,0.0,1.4,98.94,98.6,98.5,99.5,92.75,2.0,98.4,98.6,14.394271850585938,5,12,3,2,8,88,22,22.0,1.0,2,2.0,2,22.0,22.0,22.0,0.0,33.0,33.0,33.0,0.0,1.0,1.7917594692280547,5.999999999999998,5,168.0,5.6,6.0,1.0,5.0,5.0,5.0,0.0,12.0,12.0,12.0,0.0,30.0,33.6,36.0,0.04285714285714293,4.980647400358517,1.0,2.281563216769485,0.2523719487138202,1.0,1.0,2.281563216769485,0.2523719487138202,1.0,0.877,0.31541473684473703,-0.019362166200501116,1.0,0.877,0.31541473684473703,-0.019362166200501116,1.0,0.28367525570667673,0.28367525570667673,12,max,1.0,0.0,0.433,0.527,0.038632887544163726,0.4254166666666666,0.5,0.03363147913620347,-0.16069840005526037,-0.07022793239415527,0.04967738228842898,3.680978453440201,3.835304646807493,0.11983882002452236,0.05018532358046196,0.06330206391813865,0.006847264462031524,12,0.011767202336193239,0.0244580647672632,0.005311842726923566,0.09701638576594894,0.13010318327994463,0.01771919484421326,5.0,5.0,0.0,68.83333333333333,73.0,3.435921354681384,47.416666666666664,52.0,3.094574104604524
/home/aadarwal/repos/topology/ICL/results/expanded_hard_sweeps/n5_m12_N3_D2/g0354_degree_balanced_seed9_trainseed5,g0354_degree_balanced_seed9_trainseed5,degree_balanced_n5_m12_seed9,degree_balanced_n5_m12_seed9,full,,5,5,0,5,12,8,96,96,12,8,1.0,1.0,1.0,0.0,0.0,48,88,40,22,22.0,22,0.0,22,22.0,22,0.0,artifact,24,24.0,24,0.0,24,24.0,24,0.0,artifact,11,8.926156311337124,2.8709247025015543,71.40925049069702,2.8709247025015543,0.0,0.0,0.006466743560169165,0.1372549019607845,0.0,1.4,88.76,88.3,90.5,90.5,77.7,2.5,87.8,86.6,14.143953323364258,5,12,3,2,8,88,22,22.0,1.0,2,2.0,2,22.0,22.0,22.0,0.0,33.0,33.0,33.0,0.0,1.0,1.7917594692280547,5.999999999999998,5,168.0,5.6,6.0,1.0,5.0,5.0,5.0,0.0,12.0,12.0,12.0,0.0,30.0,33.6,36.0,0.04285714285714293,4.980647400358517,1.0,2.281563216769485,0.2523719487138202,1.0,1.0,2.281563216769485,0.2523719487138202,1.0,0.877,0.31541473684473703,-0.019362166200501116,1.0,0.877,0.31541473684473703,-0.019362166200501116,1.0,0.28367525570667673,0.28367525570667673,12,max,1.0,0.0,0.433,0.527,0.038632887544163726,0.4254166666666666,0.5,0.03363147913620347,-0.16069840005526037,-0.07022793239415527,0.04967738228842898,3.680978453440201,3.835304646807493,0.11983882002452236,0.05018532358046196,0.06330206391813865,0.006847264462031524,12,0.011767202336193239,0.0244580647672632,0.005311842726923566,0.09701638576594894,0.13010318327994463,0.01771919484421326,5.0,5.0,0.0,68.83333333333333,73.0,3.435921354681384,47.416666666666664,52.0,3.094574104604524
/home/aadarwal/repos/topology/ICL/results/expanded_hard_sweeps/n5_m12_N3_D2/g0448_bottleneck_bridge_seed7_trainseed1,g0448_bottleneck_bridge_seed7_trainseed1,bottleneck_bridge_n5_m12_seed7,bottleneck_bridge_n5_m12_seed7,full,,1,1,0,5,12,8,96,96,12,8,1.0,1.0,1.0,0.0,0.0,48,88,40,22,22.0,22,0.0,22,22.0,22,0.0,artifact,24,24.0,24,0.0,24,24.0,24,0.0,artifact,11,7.810778149503936,5.642794690155264,62.486225196031505,5.642794690155264,0.6843692543982401,0.3627906976744186,0.017426837329487414,0.22577519379844957,0.0,1.5,92.44,92.3,88.0,90.5,82.55,5.0,94.0,91.6,14.495959043502808,5,12,3,2,8,88,22,22.0,1.0,2,2.0,2,22.0,22.0,22.0,0.0,33.0,33.0,33.0,0.0,1.0,1.7917594692280547,5.999999999999998,5,126.0,4.2,7.0,1.0,5.0,5.0,5.0,0.0,14.0,14.0,14.0,0.0,12.0,25.2,42.0,0.24761904761904763,4.499882124688025,1.0,2.281563216769485,0.2523719487138202,1.0,1.0,2.281563216769485,0.2523719487138202,1.0,0.877,0.31541473684473703,-0.019362166200501116,1.0,0.877,0.31541473684473703,-0.019362166200501116,1.0,0.28367525570667673,0.28367525570667673,12,max,1.0,0.0,0.42124999999999996,0.465,0.027698149757700425,0.40058333333333335,0.455,0.02917892599500918,-0.17804046508086538,-0.10593278020487014,0.037083481127989155,2.8442468286789198,3.23477990820068,0.31510771637618407,0.11758215293208414,0.18091641553739254,0.027564182494723675,12,0.01784501888029277,0.036307946812224996,0.0072481682402027,0.07236672471046258,0.11069709652637158,0.01650507603425592,5.0,5.0,0.0,38.166666666666664,41.0,1.9930434571835665,29.916666666666668,33.0,1.7539637649874324
/home/aadarwal/repos/topology/ICL/results/expanded_hard_sweeps/n5_m12_N3_D2/g0448_bottleneck_bridge_seed7_trainseed2,g0448_bottleneck_bridge_seed7_trainseed2,bottleneck_bridge_n5_m12_seed7,bottleneck_bridge_n5_m12_seed7,full,,2,2,0,5,12,8,96,96,12,8,1.0,1.0,1.0,0.0,0.0,48,88,40,22,22.0,22,0.0,22,22.0,22,0.0,artifact,24,24.0,24,0.0,24,24.0,24,0.0,artifact,11,7.810778149503936,5.642794690155264,62.486225196031505,5.642794690155264,0.6843692543982401,0.3627906976744186,0.017426837329487414,0.22577519379844957,0.0,1.5,79.96,78.4,75.0,85.5,71.6,1.5,78.8,78.8,14.7564697265625,5,12,3,2,8,88,22,22.0,1.0,2,2.0,2,22.0,22.0,22.0,0.0,33.0,33.0,33.0,0.0,1.0,1.7917594692280547,5.999999999999998,5,126.0,4.2,7.0,1.0,5.0,5.0,5.0,0.0,14.0,14.0,14.0,0.0,12.0,25.2,42.0,0.24761904761904763,4.499882124688025,1.0,2.281563216769485,0.2523719487138202,1.0,1.0,2.281563216769485,0.2523719487138202,1.0,0.877,0.31541473684473703,-0.019362166200501116,1.0,0.877,0.31541473684473703,-0.019362166200501116,1.0,0.28367525570667673,0.28367525570667673,12,max,1.0,0.0,0.42124999999999996,0.465,0.027698149757700425,0.40058333333333335,0.455,0.02917892599500918,-0.17804046508086538,-0.10593278020487014,0.037083481127989155,2.8442468286789198,3.23477990820068,0.31510771637618407,0.11758215293208414,0.18091641553739254,0.027564182494723675,12,0.01784501888029277,0.036307946812224996,0.0072481682402027,0.07236672471046258,0.11069709652637158,0.01650507603425592,5.0,5.0,0.0,38.166666666666664,41.0,1.9930434571835665,29.916666666666668,33.0,1.7539637649874324
/home/aadarwal/repos/topology/ICL/results/expanded_hard_sweeps/n5_m12_N3_D2/g0448_bottleneck_bridge_seed7_trainseed3,g0448_bottleneck_bridge_seed7_trainseed3,bottleneck_bridge_n5_m12_seed7,bottleneck_bridge_n5_m12_seed7,full,,3,3,0,5,12,8,96,96,12,8,1.0,1.0,1.0,0.0,0.0,48,88,40,22,22.0,22,0.0,22,22.0,22,0.0,artifact,24,24.0,24,0.0,24,24.0,24,0.0,artifact,11,7.810778149503936,5.642794690155264,62.486225196031505,5.642794690155264,0.6843692543982401,0.3627906976744186,0.017426837329487414,0.22577519379844957,0.0,1.5,90.6,89.5,86.5,91.0,83.55,4.5,89.6,90.4,14.548414945602417,5,12,3,2,8,88,22,22.0,1.0,2,2.0,2,22.0,22.0,22.0,0.0,33.0,33.0,33.0,0.0,1.0,1.7917594692280547,5.999999999999998,5,126.0,4.2,7.0,1.0,5.0,5.0,5.0,0.0,14.0,14.0,14.0,0.0,12.0,25.2,42.0,0.24761904761904763,4.499882124688025,1.0,2.281563216769485,0.2523719487138202,1.0,1.0,2.281563216769485,0.2523719487138202,1.0,0.877,0.31541473684473703,-0.019362166200501116,1.0,0.877,0.31541473684473703,-0.019362166200501116,1.0,0.28367525570667673,0.28367525570667673,12,max,1.0,0.0,0.42124999999999996,0.465,0.027698149757700425,0.40058333333333335,0.455,0.02917892599500918,-0.17804046508086538,-0.10593278020487014,0.037083481127989155,2.8442468286789198,3.23477990820068,0.31510771637618407,0.11758215293208414,0.18091641553739254,0.027564182494723675,12,0.01784501888029277,0.036307946812224996,0.0072481682402027,0.07236672471046258,0.11069709652637158,0.01650507603425592,5.0,5.0,0.0,38.166666666666664,41.0,1.9930434571835665,29.916666666666668,33.0,1.7539637649874324
/home/aadarwal/repos/topology/ICL/results/expanded_hard_sweeps/n5_m12_N3_D2/g0448_bottleneck_bridge_seed7_trainseed4,g0448_bottleneck_bridge_seed7_trainseed4,bottleneck_bridge_n5_m12_seed7,bottleneck_bridge_n5_m12_seed7,full,,4,4,0,5,12,8,96,96,12,8,1.0,1.0,1.0,0.0,0.0,48,88,40,22,22.0,22,0.0,22,22.0,22,0.0,artifact,24,24.0,24,0.0,24,24.0,24,0.0,artifact,11,7.810778149503936,5.642794690155264,62.486225196031505,5.642794690155264,0.6843692543982401,0.3627906976744186,0.017426837329487414,0.22577519379844957,0.0,1.5,89.98,89.0,90.0,90.0,78.95,2.0,90.6,89.8,14.801183223724365,5,12,3,2,8,88,22,22.0,1.0,2,2.0,2,22.0,22.0,22.0,0.0,33.0,33.0,33.0,0.0,1.0,1.7917594692280547,5.999999999999998,5,126.0,4.2,7.0,1.0,5.0,5.0,5.0,0.0,14.0,14.0,14.0,0.0,12.0,25.2,42.0,0.24761904761904763,4.499882124688025,1.0,2.281563216769485,0.2523719487138202,1.0,1.0,2.281563216769485,0.2523719487138202,1.0,0.877,0.31541473684473703,-0.019362166200501116,1.0,0.877,0.31541473684473703,-0.019362166200501116,1.0,0.28367525570667673,0.28367525570667673,12,max,1.0,0.0,0.42124999999999996,0.465,0.027698149757700425,0.40058333333333335,0.455,0.02917892599500918,-0.17804046508086538,-0.10593278020487014,0.037083481127989155,2.8442468286789198,3.23477990820068,0.31510771637618407,0.11758215293208414,0.18091641553739254,0.027564182494723675,12,0.01784501888029277,0.036307946812224996,0.0072481682402027,0.07236672471046258,0.11069709652637158,0.01650507603425592,5.0,5.0,0.0,38.166666666666664,41.0,1.9930434571835665,29.916666666666668,33.0,1.7539637649874324
/home/aadarwal/repos/topology/ICL/results/expanded_hard_sweeps/n5_m12_N3_D2/g0448_bottleneck_bridge_seed7_trainseed5,g0448_bottleneck_bridge_seed7_trainseed5,bottleneck_bridge_n5_m12_seed7,bottleneck_bridge_n5_m12_seed7,full,,5,5,0,5,12,8,96,96,12,8,1.0,1.0,1.0,0.0,0.0,48,88,40,22,22.0,22,0.0,22,22.0,22,0.0,artifact,24,24.0,24,0.0,24,24.0,24,0.0,artifact,11,7.810778149503936,5.642794690155264,62.486225196031505,5.642794690155264,0.6843692543982401,0.3627906976744186,0.017426837329487414,0.22577519379844957,0.0,1.5,73.84,71.3,75.5,75.5,69.75,3.0,69.4,71.0,14.795597553253174,5,12,3,2,8,88,22,22.0,1.0,2,2.0,2,22.0,22.0,22.0,0.0,33.0,33.0,33.0,0.0,1.0,1.7917594692280547,5.999999999999998,5,126.0,4.2,7.0,1.0,5.0,5.0,5.0,0.0,14.0,14.0,14.0,0.0,12.0,25.2,42.0,0.24761904761904763,4.499882124688025,1.0,2.281563216769485,0.2523719487138202,1.0,1.0,2.281563216769485,0.2523719487138202,1.0,0.877,0.31541473684473703,-0.019362166200501116,1.0,0.877,0.31541473684473703,-0.019362166200501116,1.0,0.28367525570667673,0.28367525570667673,12,max,1.0,0.0,0.42124999999999996,0.465,0.027698149757700425,0.40058333333333335,0.455,0.02917892599500918,-0.17804046508086538,-0.10593278020487014,0.037083481127989155,2.8442468286789198,3.23477990820068,0.31510771637618407,0.11758215293208414,0.18091641553739254,0.027564182494723675,12,0.01784501888029277,0.036307946812224996,0.0072481682402027,0.07236672471046258,0.11069709652637158,0.01650507603425592,5.0,5.0,0.0,38.166666666666664,41.0,1.9930434571835665,29.916666666666668,33.0,1.7539637649874324
/home/aadarwal/repos/topology/ICL/results/expanded_hard_sweeps/n5_m12_N3_D2/g0533_redundant_paths_seed1_trainseed1,g0533_redundant_paths_seed1_trainseed1,redundant_paths_n5_m12_seed1,redundant_paths_n5_m12_seed1,full,,1,1,0,5,12,8,96,96,12,8,1.0,1.0,1.0,0.0,0.0,48,88,40,22,22.0,22,0.0,22,22.0,22,0.0,artifact,24,24.0,24,0.0,24,24.0,24,0.0,artifact,11,8.37018811205242,4.226698292783317,66.96150489641934,4.226698292783317,0.3710731902199349,0.20625000000000004,0.003716362847222222,0.10091145833333348,0.0,1.4,96.52,96.1,97.5,97.5,86.35,5.5,96.4,95.8,14.628278255462646,5,12,3,2,8,88,22,22.0,1.0,2,2.0,2,22.0,22.0,22.0,0.0,33.0,33.0,33.0,0.0,1.0,1.7917594692280547,5.999999999999998,5,168.0,5.6,6.0,1.0,5.0,5.0,5.0,0.0,12.0,12.0,12.0,0.0,30.0,33.6,36.0,0.04285714285714293,4.980647400358517,1.0,2.281563216769485,0.2523719487138202,1.0,1.0,2.281563216769485,0.2523719487138202,1.0,0.877,0.31541473684473703,-0.019362166200501116,1.0,0.877,0.31541473684473703,-0.019362166200501116,1.0,0.28367525570667673,0.28367525570667673,12,max,1.0,0.0,0.42775,0.454,0.016104476603313336,0.4174166666666667,0.468,0.022885433261259348,-0.1632480696188143,-0.08793111236904452,0.053444913809209106,3.5864052553865906,3.911226966418454,0.223890114160329,0.07144290034134894,0.09133172162881002,0.011800065517141562,12,0.012451071246887317,0.027843727542129222,0.008027653351990047,0.0865557843705716,0.12839050630690524,0.01578614806232355,5.0,5.0,0.0,55.5,58.0,2.179449471770337,40.75,44.0,2.742413778650722
/home/aadarwal/repos/topology/ICL/results/expanded_hard_sweeps/n5_m12_N3_D2/g0533_redundant_paths_seed1_trainseed2,g0533_redundant_paths_seed1_trainseed2,redundant_paths_n5_m12_seed1,redundant_paths_n5_m12_seed1,full,,2,2,0,5,12,8,96,96,12,8,1.0,1.0,1.0,0.0,0.0,48,88,40,22,22.0,22,0.0,22,22.0,22,0.0,artifact,24,24.0,24,0.0,24,24.0,24,0.0,artifact,11,8.37018811205242,4.226698292783317,66.96150489641934,4.226698292783317,0.3710731902199349,0.20625000000000004,0.003716362847222222,0.10091145833333348,0.0,1.4,94.56,94.5,94.5,94.5,86.4,2.0,91.2,95.4,14.51781415939331,5,12,3,2,8,88,22,22.0,1.0,2,2.0,2,22.0,22.0,22.0,0.0,33.0,33.0,33.0,0.0,1.0,1.7917594692280547,5.999999999999998,5,168.0,5.6,6.0,1.0,5.0,5.0,5.0,0.0,12.0,12.0,12.0,0.0,30.0,33.6,36.0,0.04285714285714293,4.980647400358517,1.0,2.281563216769485,0.2523719487138202,1.0,1.0,2.281563216769485,0.2523719487138202,1.0,0.877,0.31541473684473703,-0.019362166200501116,1.0,0.877,0.31541473684473703,-0.019362166200501116,1.0,0.28367525570667673,0.28367525570667673,12,max,1.0,0.0,0.42775,0.454,0.016104476603313336,0.4174166666666667,0.468,0.022885433261259348,-0.1632480696188143,-0.08793111236904452,0.053444913809209106,3.5864052553865906,3.911226966418454,0.223890114160329,0.07144290034134894,0.09133172162881002,0.011800065517141562,12,0.012451071246887317,0.027843727542129222,0.008027653351990047,0.0865557843705716,0.12839050630690524,0.01578614806232355,5.0,5.0,0.0,55.5,58.0,2.179449471770337,40.75,44.0,2.742413778650722
/home/aadarwal/repos/topology/ICL/results/expanded_hard_sweeps/n5_m12_N3_D2/g0533_redundant_paths_seed1_trainseed3,g0533_redundant_paths_seed1_trainseed3,redundant_paths_n5_m12_seed1,redundant_paths_n5_m12_seed1,full,,3,3,0,5,12,8,96,96,12,8,1.0,1.0,1.0,0.0,0.0,48,88,40,22,22.0,22,0.0,22,22.0,22,0.0,artifact,24,24.0,24,0.0,24,24.0,24,0.0,artifact,11,8.37018811205242,4.226698292783317,66.96150489641934,4.226698292783317,0.3710731902199349,0.20625000000000004,0.003716362847222222,0.10091145833333348,0.0,1.4,91.14,90.5,91.5,91.5,81.65,4.5,90.8,91.0,14.742441415786743,5,12,3,2,8,88,22,22.0,1.0,2,2.0,2,22.0,22.0,22.0,0.0,33.0,33.0,33.0,0.0,1.0,1.7917594692280547,5.999999999999998,5,168.0,5.6,6.0,1.0,5.0,5.0,5.0,0.0,12.0,12.0,12.0,0.0,30.0,33.6,36.0,0.04285714285714293,4.980647400358517,1.0,2.281563216769485,0.2523719487138202,1.0,1.0,2.281563216769485,0.2523719487138202,1.0,0.877,0.31541473684473703,-0.019362166200501116,1.0,0.877,0.31541473684473703,-0.019362166200501116,1.0,0.28367525570667673,0.28367525570667673,12,max,1.0,0.0,0.42775,0.454,0.016104476603313336,0.4174166666666667,0.468,0.022885433261259348,-0.1632480696188143,-0.08793111236904452,0.053444913809209106,3.5864052553865906,3.911226966418454,0.223890114160329,0.07144290034134894,0.09133172162881002,0.011800065517141562,12,0.012451071246887317,0.027843727542129222,0.008027653351990047,0.0865557843705716,0.12839050630690524,0.01578614806232355,5.0,5.0,0.0,55.5,58.0,2.179449471770337,40.75,44.0,2.742413778650722
/home/aadarwal/repos/topology/ICL/results/expanded_hard_sweeps/n5_m12_N3_D2/g0533_redundant_paths_seed1_trainseed4,g0533_redundant_paths_seed1_trainseed4,redundant_paths_n5_m12_seed1,redundant_paths_n5_m12_seed1,full,,4,4,0,5,12,8,96,96,12,8,1.0,1.0,1.0,0.0,0.0,48,88,40,22,22.0,22,0.0,22,22.0,22,0.0,artifact,24,24.0,24,0.0,24,24.0,24,0.0,artifact,11,8.37018811205242,4.226698292783317,66.96150489641934,4.226698292783317,0.3710731902199349,0.20625000000000004,0.003716362847222222,0.10091145833333348,0.0,1.4,97.4,96.0,97.5,97.5,89.45,1.5,97.2,96.6,15.021734714508057,5,12,3,2,8,88,22,22.0,1.0,2,2.0,2,22.0,22.0,22.0,0.0,33.0,33.0,33.0,0.0,1.0,1.7917594692280547,5.999999999999998,5,168.0,5.6,6.0,1.0,5.0,5.0,5.0,0.0,12.0,12.0,12.0,0.0,30.0,33.6,36.0,0.04285714285714293,4.980647400358517,1.0,2.281563216769485,0.2523719487138202,1.0,1.0,2.281563216769485,0.2523719487138202,1.0,0.877,0.31541473684473703,-0.019362166200501116,1.0,0.877,0.31541473684473703,-0.019362166200501116,1.0,0.28367525570667673,0.28367525570667673,12,max,1.0,0.0,0.42775,0.454,0.016104476603313336,0.4174166666666667,0.468,0.022885433261259348,-0.1632480696188143,-0.08793111236904452,0.053444913809209106,3.5864052553865906,3.911226966418454,0.223890114160329,0.07144290034134894,0.09133172162881002,0.011800065517141562,12,0.012451071246887317,0.027843727542129222,0.008027653351990047,0.0865557843705716,0.12839050630690524,0.01578614806232355,5.0,5.0,0.0,55.5,58.0,2.179449471770337,40.75,44.0,2.742413778650722
/home/aadarwal/repos/topology/ICL/results/expanded_hard_sweeps/n5_m12_N3_D2/g0533_redundant_paths_seed1_trainseed5,g0533_redundant_paths_seed1_trainseed5,redundant_paths_n5_m12_seed1,redundant_paths_n5_m12_seed1,full,,5,5,0,5,12,8,96,96,12,8,1.0,1.0,1.0,0.0,0.0,48,88,40,22,22.0,22,0.0,22,22.0,22,0.0,artifact,24,24.0,24,0.0,24,24.0,24,0.0,artifact,11,8.37018811205242,4.226698292783317,66.96150489641934,4.226698292783317,0.3710731902199349,0.20625000000000004,0.003716362847222222,0.10091145833333348,0.0,1.4,96.94,96.3,94.5,95.0,91.4,2.5,96.0,96.2,14.477564811706543,5,12,3,2,8,88,22,22.0,1.0,2,2.0,2,22.0,22.0,22.0,0.0,33.0,33.0,33.0,0.0,1.0,1.7917594692280547,5.999999999999998,5,168.0,5.6,6.0,1.0,5.0,5.0,5.0,0.0,12.0,12.0,12.0,0.0,30.0,33.6,36.0,0.04285714285714293,4.980647400358517,1.0,2.281563216769485,0.2523719487138202,1.0,1.0,2.281563216769485,0.2523719487138202,1.0,0.877,0.31541473684473703,-0.019362166200501116,1.0,0.877,0.31541473684473703,-0.019362166200501116,1.0,0.28367525570667673,0.28367525570667673,12,max,1.0,0.0,0.42775,0.454,0.016104476603313336,0.4174166666666667,0.468,0.022885433261259348,-0.1632480696188143,-0.08793111236904452,0.053444913809209106,3.5864052553865906,3.911226966418454,0.223890114160329,0.07144290034134894,0.09133172162881002,0.011800065517141562,12,0.012451071246887317,0.027843727542129222,0.008027653351990047,0.0865557843705716,0.12839050630690524,0.01578614806232355,5.0,5.0,0.0,55.5,58.0,2.179449471770337,40.75,44.0,2.742413778650722
