idx,selected,selection_arms,topology_id,topology_name,base_id,base_family,base_seed,rewire_seed,n_nodes,n_edges,p,edge_json,cluster_edge_json,d_rel,rank_D,effective_rank_D,condition_number_D,condition_number_D_log,root_tree_count_gini,edge_participation_gini,bottleneck_edge_fraction_095,mean_shortest_path,in_degree_sequence,out_degree_sequence,in_degree_cv,out_degree_cv,n_trees_total_enum,n_trees_total_enum_log,normal_fan_branch_root_nmi_mean,normal_fan_branch_tree_nmi_mean,normal_fan_active_tree_count_mean,normal_fan_branch_active_tree_count_min_mean,normal_fan_score,normal_fan_score_within_base_z,tree_count_within_base_z,cross_contrast_effective_rank_mean,cross_all_supported_effective_rank,n_seeds_completed,mean_novel_icl,best_seed_novel_icl,seed_std_novel_icl,mean_train_acc,mean_val_acc,mean_in_dist_acc,train_minus_novel_gap,val_minus_novel_gap,novel_error_rate,n_context,z_dim,n_trees_enumerated,tree_count_exact_total,tree_count_enumerated_total,tree_count_exact_by_root,tree_count_enumerated_by_root,tree_count_balance_gini,cross_overlap_norm_min,cross_overlap_norm_mean,cross_overlap_norm_max,cross_overlap_norm_gini,cross_separation_norm_min,cross_separation_norm_mean,cross_separation_norm_max,cross_separation_norm_gini,cross_imbalance_norm_min,cross_imbalance_norm_mean,cross_imbalance_norm_max,cross_imbalance_norm_gini,cross_root_pair_overlap_norm_mean_min,cross_root_pair_overlap_norm_mean_mean,cross_root_pair_overlap_norm_mean_max,cross_root_pair_overlap_norm_mean_gini,cross_root_pair_overlap_norm_min_min,cross_root_pair_overlap_norm_min_mean,cross_root_pair_overlap_norm_min_max,cross_root_pair_overlap_norm_min_gini,cross_best_root_pair_overlap_norm_min,cross_best_root_pair_overlap_norm_mean,cross_topk_root_pair_overlap_norm_mean,cross_usable_root_pair_count_min,cross_usable_root_pair_count_mean,cross_root_pair_overlap_entropy_mean,cross_pair_count_sampled,cross_pair_count_possible,cross_pairs_truncated,cross_pair_count_log,cross_contrast_rank_mean,cross_contrast_rank_min,cross_contrast_condition_log_mean,cross_all_supported_rank,cross_all_supported_condition_number_log,cross_edge_participation_gini,cross_bottleneck_edge_fraction_095,decoder_root_pair_count,decoder_root_pair_overlap_mean,decoder_root_pair_overlap_min,decoder_root_pair_overlap_max,decoder_root_pair_overlap_gini,decoder_root_pair_overlap_entropy,decoder_root_pair_min_overlap_mean,decoder_root_pair_min_overlap_min,decoder_topk_assignment_score,decoder_best_assignment_score,decoder_usable_root_pair_fraction,decoder_root_pair_tree_product_mean,decoder_root_pair_tree_product_entropy,decoder_root_pair_sample_count_mean,gamma_exact_accuracy,gamma_exact_failure_max,gamma_exact_lcvar,gamma_exact_tree_drive_range_mean,gamma_hard_root_accuracy,gamma_hard_root_failure_max,gamma_hard_root_lcvar,gamma_hard_root_tree_drive_range_mean,gamma_tropical_accuracy,gamma_tropical_failure_max,gamma_tropical_lcvar,gamma_tropical_tree_drive_range_mean
24.0,1.0,arm_B_low_tree_count,mb0024_base00_degree_balanced_seed9_rw1302872,multibase_base00_degree_balanced_seed9_rewire_seed1302872,base00_degree_balanced_seed9,degree_balanced,9.0,1302872.0,5.0,12.0,8.0,topologies/mb0024_base00_degree_balanced_seed9_rw1302872.json,/home/aadarwal/repos/topology/ICL/results/next_phase_stats/multibase_normal_fan_tree_count_n5_m12_N3_D2/topologies/mb0024_base00_degree_balanced_seed9_rw1302872.json,88.0,11.0,8.643103571484446,3.774924366540239,0.5769082546345372,0.0,0.16153846153846163,0.0,1.4,3 2 2 3 2,3 2 2 3 2,0.2041241452319315,0.2041241452319315,65.0,1.8129133566428555,0.016068552837091455,0.11312107399256238,53.75,37.375,0.741350561401476,-0.0775803357616626,-0.8893947957397399,8.763063669735347,8.763063669735347,5,80.64000000000001,94.4,11.437062559940818,81.536,80.47999999999999,80.72,0.8959999999999866,-0.160000000000025,19.359999999999985,3,2,65,65,65,"[13, 13, 13, 13, 13]","[13, 13, 13, 13, 13]",0.0,1.0,1.0,1.0,0.0,0.0,0.0,0.0,0.0,0.0,0.0,0.0,0.0,1.0,1.0,1.0,0.0,1.0,1.0,1.0,0.0,1.0,1.0,1.0,20,20.0,1.0,3380,3380,False,8.125926802707886,11.0,11.0,1.5458311321210754,11,1.5458311321210754,0.08267831149927218,0.16666666666666666,20,1.0,1.0,1.0,0.0,1.0,1.0,1.0,1.0,1.0,1.0,169.0,1.0,169.0,0.35555555555555557,1.0,-6.681504307545596,1.820692509355795,0.29444444444444445,0.8095238095238095,-1.8506793600501183,1.1740250450250573,0.3277777777777778,1.0,-5.6900095166956515,1.820692509355795
44.0,1.0,arm_A_high_normal_fan,mb0044_base00_degree_balanced_seed9_rw6871406,multibase_base00_degree_balanced_seed9_rewire_seed6871406,base00_degree_balanced_seed9,degree_balanced,9.0,6871406.0,5.0,12.0,8.0,topologies/mb0044_base00_degree_balanced_seed9_rw6871406.json,/home/aadarwal/repos/topology/ICL/results/next_phase_stats/multibase_normal_fan_tree_count_n5_m12_N3_D2/topologies/mb0044_base00_degree_balanced_seed9_rw6871406.json,88.0,11.0,8.902336600579169,2.926681858905407,0.46637551559019685,0.0,0.13750000000000018,0.0,1.4,3 2 2 3 2,3 2 2 3 2,0.2041241452319315,0.2041241452319315,80.0,1.9030899869919435,0.017207030603150493,0.12206058721190732,63.875,42.125,4.685491951404499,1.5901992220246266,0.6119164889003583,9.079538102084719,9.079538102084719,5,95.28,98.2,2.62480475464367,95.848,95.36000000000001,94.56000000000002,0.5679999999999978,0.0800000000000125,4.719999999999999,3,2,80,80,80,"[16, 16, 16, 16, 16]","[16, 16, 16, 16, 16]",0.0,1.0,1.0,1.0,0.0,0.0,0.0,0.0,0.0,0.0,0.0,0.0,0.0,1.0,1.0,1.0,0.0,1.0,1.0,1.0,0.0,1.0,1.0,1.0,20,20.0,1.0,5120,5120,False,8.54110501146255,11.0,11.0,1.3486256280932667,11,1.348625628093267,0.07194795254496755,0.3333333333333333,20,1.0,1.0,1.0,0.0,1.0,1.0,1.0,1.0,1.0,1.0,256.0,1.0,256.0,0.38333333333333336,0.8813559322033898,-2.9365486887802286,1.4081678469792693,0.3388888888888889,0.847457627118644,-2.142424470221973,1.2519609244264123,0.37777777777777777,0.847457627118644,-3.0090357730971333,1.4081678469792693
54.0,1.0,arm_A_low_normal_fan;arm_B_high_tree_count,mb0054_base00_degree_balanced_seed9_rw1374497,multibase_base00_degree_balanced_seed9_rewire_seed1374497,base00_degree_balanced_seed9,degree_balanced,9.0,1374497.0,5.0,12.0,8.0,topologies/mb0054_base00_degree_balanced_seed9_rw1374497.json,/home/aadarwal/repos/topology/ICL/results/next_phase_stats/multibase_normal_fan_tree_count_n5_m12_N3_D2/topologies/mb0054_base00_degree_balanced_seed9_rw1374497.json,88.0,11.0,8.902336600579169,2.9266818589054067,0.4663755155901968,0.0,0.13750000000000018,0.0,1.4,3 2 2 3 2,3 2 2 3 2,0.2041241452319315,0.2041241452319315,80.0,1.9030899869919435,0.012334280158827125,0.09186021874414435,57.5,39.625,-0.3967788107611052,-0.5588381592818894,0.6119164889003583,9.079538102084724,9.079538102084724,5,84.72,95.4,12.59307746343204,85.752,84.55999999999999,86.4,1.0319999999999965,-0.1600000000000108,15.280000000000001,3,2,80,80,80,"[16, 16, 16, 16, 16]","[16, 16, 16, 16, 16]",0.0,1.0,1.0,1.0,0.0,0.0,0.0,0.0,0.0,0.0,0.0,0.0,0.0,1.0,1.0,1.0,0.0,1.0,1.0,1.0,0.0,1.0,1.0,1.0,20,20.0,1.0,5120,5120,False,8.54110501146255,11.0,11.0,1.3486256280932674,11,1.3486256280932674,0.07194795254496755,0.3333333333333333,20,1.0,1.0,1.0,0.0,1.0,1.0,1.0,1.0,1.0,1.0,256.0,1.0,256.0,0.3111111111111111,1.0,-2.2208102705965955,1.688256773303095,0.3111111111111111,0.7536231884057971,-2.0977538795528443,1.3786803902345541,0.2777777777777778,0.8840579710144928,-2.2179727391445225,1.432160437702881
57.0,1.0,arm_B_low_tree_count,mb0057_base00_degree_balanced_seed9_rw9741299,multibase_base00_degree_balanced_seed9_rewire_seed9741299,base00_degree_balanced_seed9,degree_balanced,9.0,9741299.0,5.0,12.0,8.0,topologies/mb0057_base00_degree_balanced_seed9_rw9741299.json,/home/aadarwal/repos/topology/ICL/results/next_phase_stats/multibase_normal_fan_tree_count_n5_m12_N3_D2/topologies/mb0057_base00_degree_balanced_seed9_rw9741299.json,88.0,11.0,8.643103571484446,3.77492436654024,0.5769082546345373,0.0,0.16153846153846163,0.0,1.4,3 2 2 3 2,3 2 2 3 2,0.2041241452319315,0.2041241452319315,65.0,1.8129133566428555,0.026858528803901598,0.10808504145783067,52.625,35.625,-0.5024625441079995,-0.6035265090741245,-0.8893947957397399,8.763063669735343,8.763063669735343,5,88.03999999999999,95.2,6.028465808147209,89.208,88.14000000000001,89.4,1.1680000000000064,0.10000000000002274,11.960000000000008,3,2,65,65,65,"[13, 13, 13, 13, 13]","[13, 13, 13, 13, 13]",0.0,1.0,1.0,1.0,0.0,0.0,0.0,0.0,0.0,0.0,0.0,0.0,0.0,1.0,1.0,1.0,0.0,1.0,1.0,1.0,0.0,1.0,1.0,1.0,20,20.0,1.0,3380,3380,False,8.125926802707886,11.0,11.0,1.5458311321210747,11,1.5458311321210747,0.08267831149927218,0.16666666666666666,20,1.0,1.0,1.0,0.0,1.0,1.0,1.0,1.0,1.0,1.0,169.0,1.0,169.0,0.3277777777777778,1.0,-3.403200172043705,1.3931907826681351,0.2611111111111111,0.7857142857142857,-1.9906419729256348,2.2745437400201665,0.4111111111111111,0.9285714285714286,-3.122514345395017,1.5273091870730886
70.0,1.0,arm_B_high_tree_count,mb0070_base00_degree_balanced_seed9_rw7728494,multibase_base00_degree_balanced_seed9_rewire_seed7728494,base00_degree_balanced_seed9,degree_balanced,9.0,7728494.0,5.0,12.0,8.0,topologies/mb0070_base00_degree_balanced_seed9_rw7728494.json,/home/aadarwal/repos/topology/ICL/results/next_phase_stats/multibase_normal_fan_tree_count_n5_m12_N3_D2/topologies/mb0070_base00_degree_balanced_seed9_rw7728494.json,88.0,11.0,8.902336600579165,2.9266818589054067,0.4663755155901968,0.0,0.13750000000000018,0.0,1.4,3 2 2 3 2,3 2 2 3 2,0.2041241452319315,0.2041241452319315,80.0,1.9030899869919435,0.01690883694786246,0.09614694749828166,60.25,40.25,0.6888846348117833,-0.09976554445331617,0.6119164889003583,9.079538102084724,9.079538102084724,5,88.44000000000001,97.2,11.46989101953458,90.324,89.3,88.96,1.8839999999999861,0.8599999999999852,11.559999999999988,3,2,80,80,80,"[16, 16, 16, 16, 16]","[16, 16, 16, 16, 16]",0.0,1.0,1.0,1.0,0.0,0.0,0.0,0.0,0.0,0.0,0.0,0.0,0.0,1.0,1.0,1.0,0.0,1.0,1.0,1.0,0.0,1.0,1.0,1.0,20,20.0,1.0,5120,5120,False,8.54110501146255,11.0,11.0,1.3486256280932676,11,1.3486256280932676,0.07194795254496755,0.3333333333333333,20,1.0,1.0,1.0,0.0,1.0,1.0,1.0,1.0,1.0,1.0,256.0,1.0,256.0,0.37777777777777777,0.8939393939393939,-2.8035452983099276,1.6428621920582043,0.3055555555555556,0.7291666666666666,-1.9815851224142578,1.4421376861236905,0.37777777777777777,0.803030303030303,-2.510228550692147,1.6428621920582043
80.0,1.0,arm_B_low_tree_count,mb0080_base01_degree_balanced_seed60_rw6405499,multibase_base01_degree_balanced_seed60_rewire_seed6405499,base01_degree_balanced_seed60,degree_balanced,60.0,6405499.0,5.0,12.0,8.0,topologies/mb0080_base01_degree_balanced_seed60_rw6405499.json,/home/aadarwal/repos/topology/ICL/results/next_phase_stats/multibase_normal_fan_tree_count_n5_m12_N3_D2/topologies/mb0080_base01_degree_balanced_seed60_rw6405499.json,88.0,11.0,8.37018811205242,4.226698292783317,0.6260012484309156,0.20625000000000004,0.10091145833333348,0.0,1.4,3 3 2 2 2,2 2 3 3 2,0.2041241452319315,0.2041241452319315,64.0,1.806179973983887,0.021552697445722458,0.10744855330234646,52.875,36.375,-0.3171635442594834,-0.9926337387159299,-1.7485707912682338,8.465190945476435,8.465190945476435,5,93.56000000000002,96.4,3.2059943855222226,95.076,93.98,94.44,1.515999999999977,0.4199999999999875,6.4399999999999835,3,2,64,64,64,"[17, 19, 8, 7, 13]","[17, 19, 8, 7, 13]",0.20625000000000004,1.0,1.0,1.0,0.0,0.0,0.0,0.0,0.0,0.0,0.0,0.0,0.0,1.0,1.0,1.0,0.0,1.0,1.0,1.0,0.0,1.0,1.0,1.0,20,20.0,1.0,3164,3164,False,8.059908334578276,11.0,11.0,1.605729709493298,11,1.605729709493298,0.07522073805750518,0.16666666666666666,20,1.0,1.0,1.0,0.0,1.0,1.0,1.0,1.0,1.0,1.0,158.2,0.9622776549226737,158.2,0.3388888888888889,1.0,-3.4979452779296296,1.398931088989347,0.4,0.8392857142857143,-1.9878961794457297,1.451750974655569,0.3277777777777778,0.9464285714285714,-2.9400558187832475,1.398931088989347
81.0,1.0,arm_A_low_normal_fan,mb0081_base01_degree_balanced_seed60_rw3246462,multibase_base01_degree_balanced_seed60_rewire_seed3246462,base01_degree_balanced_seed60,degree_balanced,60.0,3246462.0,5.0,12.0,8.0,topologies/mb0081_base01_degree_balanced_seed60_rw3246462.json,/home/aadarwal/repos/topology/ICL/results/next_phase_stats/multibase_normal_fan_tree_count_n5_m12_N3_D2/topologies/mb0081_base01_degree_balanced_seed60_rw3246462.json,88.0,11.0,8.638494612577873,3.713980153464154,0.5698395786541568,0.17142857142857149,0.11130952380952408,0.0,1.4,3 3 2 2 2,2 2 3 3 2,0.2041241452319315,0.2041241452319315,70.0,1.845098040014257,0.016852592728729174,0.1025971343438212,53.875,35.125,-1.0660609236214766,-1.357741507099347,-0.9192481211282328,8.7649532588598,8.7649532588598,5,95.11999999999999,97.4,1.6761861471805577,96.16799999999999,95.49999999999999,95.8,1.0480000000000018,0.37999999999999545,4.88000000000001,3,2,70,70,70,"[20, 20, 10, 10, 10]","[20, 20, 10, 10, 10]",0.17142857142857149,1.0,1.0,1.0,0.0,0.0,0.0,0.0,0.0,0.0,0.0,0.0,0.0,1.0,1.0,1.0,0.0,1.0,1.0,1.0,0.0,1.0,1.0,1.0,20,20.0,1.0,3800,3800,False,8.24301946898925,11.0,11.0,1.4998559936114118,11,1.4998559936114118,0.07100177981184852,0.25,20,1.0,1.0,1.0,0.0,1.0,1.0,1.0,1.0,1.0,1.0,190.0,0.9707000770001367,190.0,0.3055555555555556,0.8870967741935484,-1.6978039890031058,2.173469110389394,0.3388888888888889,0.6949152542372882,-2.341648599611396,1.0701317511599966,0.3111111111111111,0.7796610169491526,-1.5296424780759086,2.173469110389394
87.0,1.0,arm_A_high_normal_fan,mb0087_base01_degree_balanced_seed60_rw55816,multibase_base01_degree_balanced_seed60_rewire_seed55816,base01_degree_balanced_seed60,degree_balanced,60.0,55816.0,5.0,12.0,8.0,topologies/mb0087_base01_degree_balanced_seed60_rw55816.json,/home/aadarwal/repos/topology/ICL/results/next_phase_stats/multibase_normal_fan_tree_count_n5_m12_N3_D2/topologies/mb0087_base01_degree_balanced_seed60_rw55816.json,88.0,11.0,8.881779689077776,3.5951021750373733,0.5557112378132949,0.1523809523809525,0.12053571428571441,0.0,1.4,3 3 2 2 2,2 2 3 3 2,0.2041241452319315,0.2041241452319315,84.0,1.9242792860618816,0.01763424239234297,0.1215193484166478,64.875,43.0,5.033892978139332,1.6161513354833978,0.7680608614400471,9.068374276555069,9.068374276555069,5,93.6,97.8,4.586937976471884,94.11600000000001,92.66,94.08,0.5160000000000196,-0.9399999999999977,6.400000000000006,3,2,84,84,84,"[24, 20, 12, 12, 16]","[24, 20, 12, 12, 16]",0.1523809523809525,1.0,1.0,1.0,0.0,0.0,0.0,0.0,0.0,0.0,0.0,0.0,0.0,1.0,1.0,1.0,0.0,1.0,1.0,1.0,0.0,1.0,1.0,1.0,20,20.0,1.0,5536,5536,False,8.619208116822968,11.0,11.0,1.4634837869079964,11,1.4634837869079964,0.07596356916578673,0.25,20,1.0,1.0,1.0,0.0,1.0,1.0,1.0,1.0,1.0,1.0,276.8,0.9811691573746956,276.8,0.37777777777777777,0.9636363636363636,-2.052100287497321,2.0731999606103297,0.34444444444444444,0.8266666666666667,-2.1448495100396996,1.8129296492853835,0.35,0.8909090909090909,-1.855137175309654,2.0731999606103297
100.0,1.0,arm_A_high_normal_fan,mb0100_base01_degree_balanced_seed60_rw5708776,multibase_base01_degree_balanced_seed60_rewire_seed5708776,base01_degree_balanced_seed60,degree_balanced,60.0,5708776.0,5.0,12.0,8.0,topologies/mb0100_base01_degree_balanced_seed60_rw5708776.json,/home/aadarwal/repos/topology/ICL/results/next_phase_stats/multibase_normal_fan_tree_count_n5_m12_N3_D2/topologies/mb0100_base01_degree_balanced_seed60_rw5708776.json,88.0,11.0,8.726496322445016,3.7046956692780286,0.5687525376644034,0.17222222222222228,0.11689814814814836,0.0,1.4,3 3 2 2 2,2 2 3 3 2,0.2041241452319315,0.2041241452319315,72.0,1.8573324964312685,0.0160670063095869,0.1214838228116477,59.5,39.375,3.145477344155742,0.6954975357712299,-0.658538556178376,8.854682394291865,8.854682394291865,5,89.72,97.2,11.840675656397314,90.38,89.78,89.68000000000002,0.6599999999999966,0.060000000000002274,10.280000000000001,3,2,72,72,72,"[21, 17, 10, 9, 15]","[21, 17, 10, 9, 15]",0.17222222222222228,1.0,1.0,1.0,0.0,0.0,0.0,0.0,0.0,0.0,0.0,0.0,0.0,1.0,1.0,1.0,0.0,1.0,1.0,1.0,0.0,1.0,1.0,1.0,20,20.0,1.0,4048,4048,False,8.30622521603216,11.0,11.0,1.4959699160767055,11,1.4959699160767055,0.07511632068718699,0.25,20,1.0,1.0,1.0,0.0,1.0,1.0,1.0,1.0,1.0,1.0,202.4,0.9751602754221484,202.4,0.2833333333333333,0.9864864864864865,-2.612005144607266,1.858214110971941,0.43333333333333335,0.6730769230769231,-2.1400075432150936,2.0511515382234347,0.25,0.8783783783783784,-2.520013849087767,1.858214110971941
122.0,1.0,arm_A_low_normal_fan;arm_B_high_tree_count,mb0122_base01_degree_balanced_seed60_rw5473513,multibase_base01_degree_balanced_seed60_rewire_seed5473513,base01_degree_balanced_seed60,degree_balanced,60.0,5473513.0,5.0,12.0,8.0,topologies/mb0122_base01_degree_balanced_seed60_rw5473513.json,/home/aadarwal/repos/topology/ICL/results/next_phase_stats/multibase_normal_fan_tree_count_n5_m12_N3_D2/topologies/mb0122_base01_degree_balanced_seed60_rw5473513.json,88.0,11.0,8.930546718084331,3.528172138989255,0.5475497661393126,0.14634146341463428,0.128048780487805,0.0,1.4,3 3 2 2 2,2 2 3 3 2,0.2041241452319315,0.2041241452319315,82.0,1.9138138523837167,0.012905405553780211,0.09654138469548026,57.5,38.25,-0.2734139993770973,-0.9713046499248777,0.545048202091149,9.102647298864992,9.10264729886499,5,95.28,97.4,2.7614488950549134,95.776,95.19999999999999,94.92,0.4959999999999951,-0.0800000000000125,4.719999999999999,3,2,82,82,82,"[22, 20, 14, 10, 16]","[22, 20, 14, 10, 16]",0.14634146341463428,1.0,1.0,1.0,0.0,0.0,0.0,0.0,0.0,0.0,0.0,0.0,0.0,1.0,1.0,1.0,0.0,1.0,1.0,1.0,0.0,1.0,1.0,1.0,20,20.0,1.0,5288,5288,False,8.57338447106598,11.0,11.0,1.4581499479823343,11,1.4581499479823343,0.07653296449976965,0.25,20,1.0,1.0,1.0,0.0,1.0,1.0,1.0,1.0,1.0,1.0,264.4,0.981545969687665,264.4,0.40555555555555556,0.8571428571428571,-1.101177955661506,1.7966395345939319,0.3277777777777778,0.7678571428571429,-2.021066146614699,2.4298822499912656,0.4388888888888889,0.7142857142857143,-1.0447688410012015,1.7966395345939319
127.0,1.0,arm_B_high_tree_count,mb0127_base01_degree_balanced_seed60_rw7026294,multibase_base01_degree_balanced_seed60_rewire_seed7026294,base01_degree_balanced_seed60,degree_balanced,60.0,7026294.0,5.0,12.0,8.0,topologies/mb0127_base01_degree_balanced_seed60_rw7026294.json,/home/aadarwal/repos/topology/ICL/results/next_phase_stats/multibase_normal_fan_tree_count_n5_m12_N3_D2/topologies/mb0127_base01_degree_balanced_seed60_rw7026294.json,88.0,11.0,9.021500920659584,3.425424050172152,0.5347143426168073,0.1955555555555557,0.1087962962962965,0.0,1.4,3 3 2 2 2,2 2 3 3 2,0.2041241452319315,0.2041241452319315,90.0,1.954242509439325,0.020152734591462523,0.10990989246026507,61.875,39.875,2.3673222068015893,0.3161258174491443,1.406560739568408,9.204977095061963,9.204977095061963,5,96.6,98.2,1.5849290204927171,96.74,96.58000000000001,96.96000000000001,0.14000000000000057,-0.01999999999998181,3.4000000000000057,3,2,90,90,90,"[26, 24, 12, 10, 18]","[26, 24, 12, 10, 18]",0.1955555555555557,1.0,1.0,1.0,0.0,0.0,0.0,0.0,0.0,0.0,0.0,0.0,0.0,1.0,1.0,1.0,0.0,1.0,1.0,1.0,0.0,1.0,1.0,1.0,20,20.0,1.0,6280,6280,False,8.74528448245438,11.0,11.0,1.4311016529460414,11,1.4311016529460414,0.07185836611895402,0.16666666666666666,20,1.0,1.0,1.0,0.0,1.0,1.0,1.0,1.0,1.0,1.0,314.0,0.9663769640631686,314.0,0.34444444444444444,0.9473684210526315,-3.270350914394765,2.1181997897969915,0.4222222222222222,0.7,-2.3189841659796095,2.0526217177833797,0.37777777777777777,0.8421052631578947,-3.410055062683796,2.1181997897969915
143.0,1.0,arm_B_low_tree_count,mb0143_base01_degree_balanced_seed60_rw4718007,multibase_base01_degree_balanced_seed60_rewire_seed4718007,base01_degree_balanced_seed60,degree_balanced,60.0,4718007.0,5.0,12.0,8.0,topologies/mb0143_base01_degree_balanced_seed60_rw4718007.json,/home/aadarwal/repos/topology/ICL/results/next_phase_stats/multibase_normal_fan_tree_count_n5_m12_N3_D2/topologies/mb0143_base01_degree_balanced_seed60_rw4718007.json,88.0,11.0,8.726496322445016,3.704695669278028,0.5687525376644033,0.17222222222222228,0.11689814814814836,0.0,1.4,3 3 2 2 2,2 2 3 3 2,0.2041241452319315,0.2041241452319315,72.0,1.8573324964312685,0.021034224946240986,0.11013610124268941,59.0,41.75,2.490992627926562,0.37641849935229554,-0.658538556178376,8.854682394291869,8.854682394291869,5,90.12,96.4,9.438304932560717,91.05599999999998,90.44000000000001,90.67999999999999,0.9359999999999786,0.3200000000000074,9.879999999999995,3,2,72,72,72,"[17, 21, 9, 10, 15]","[17, 21, 9, 10, 15]",0.17222222222222228,1.0,1.0,1.0,0.0,0.0,0.0,0.0,0.0,0.0,0.0,0.0,0.0,1.0,1.0,1.0,0.0,1.0,1.0,1.0,0.0,1.0,1.0,1.0,20,20.0,1.0,4048,4048,False,8.30622521603216,11.0,11.0,1.4959699160767057,11,1.4959699160767057,0.07511632068718699,0.25,20,1.0,1.0,1.0,0.0,1.0,1.0,1.0,1.0,1.0,1.0,202.4,0.9751602754221484,202.4,0.3611111111111111,1.0,-2.742991112960113,1.287060069825716,0.4,0.78125,-1.917966762714302,1.4352402125973016,0.40555555555555556,0.9016393442622951,-2.5864828872666554,1.287060069825716
164.0,1.0,arm_A_low_normal_fan,mb0164_base02_random_sc_seed2_rw2626549,multibase_base02_random_sc_seed2_rewire_seed2626549,base02_random_sc_seed2,random_sc,2.0,2626549.0,5.0,12.0,8.0,topologies/mb0164_base02_random_sc_seed2_rw2626549.json,/home/aadarwal/repos/topology/ICL/results/next_phase_stats/multibase_normal_fan_tree_count_n5_m12_N3_D2/topologies/mb0164_base02_random_sc_seed2_rw2626549.json,88.0,11.0,8.37144417124772,5.8619296700588555,0.7680406035789469,0.4484848484848485,0.1875,0.0,1.55,1 1 4 3 3,4 2 1 2 3,0.5000000000000001,0.4249182927993988,66.0,1.8195439355418688,0.012478517275399998,0.08260409019244937,47.5,33.875,-4.64696533079197,-3.613085852631446,1.1934162828796764,8.358803663697673,8.358803663697673,5,86.72,93.0,7.293394271530914,88.45599999999999,87.76,88.24000000000001,1.73599999999999,1.0400000000000063,13.280000000000001,3,2,66,66,66,"[4, 2, 33, 11, 16]","[4, 2, 33, 11, 16]",0.4484848484848485,1.0,1.0,1.0,0.0,0.0,0.0,0.0,0.0,0.0,0.0,0.0,0.0,1.0,1.0,1.0,0.0,1.0,1.0,1.0,0.0,1.0,1.0,1.0,20,20.0,1.0,2870,2870,False,7.9624156801210635,11.0,11.0,1.8323183344213643,11,1.8323183344213643,0.13424965421853385,0.08333333333333333,20,1.0,1.0,1.0,0.0,1.0,1.0,1.0,1.0,1.0,1.0,143.5,0.8180158135422732,143.5,0.3111111111111111,1.0,-2.2192963302853745,1.2579489589850315,0.38333333333333336,0.9107142857142857,-2.61845624219803,0.6053601631811678,0.37222222222222223,0.9107142857142857,-2.0007545924419503,1.2579489589850315
219.0,1.0,arm_A_high_normal_fan,mb0219_base02_random_sc_seed2_rw2997037,multibase_base02_random_sc_seed2_rewire_seed2997037,base02_random_sc_seed2,random_sc,2.0,2997037.0,5.0,12.0,8.0,topologies/mb0219_base02_random_sc_seed2_rw2997037.json,/home/aadarwal/repos/topology/ICL/results/next_phase_stats/multibase_normal_fan_tree_count_n5_m12_N3_D2/topologies/mb0219_base02_random_sc_seed2_rw2997037.json,88.0,11.0,8.371444171247724,5.861929670058849,0.7680406035789464,0.4484848484848485,0.1875,0.0,1.55,1 1 4 3 3,4 2 1 2 3,0.5000000000000001,0.4249182927993988,66.0,1.8195439355418688,0.028540185683700366,0.11835119053939402,53.875,36.5,1.090372498897572,2.3371064403755537,1.1934162828796764,8.358803663697676,8.358803663697676,5,83.92,90.8,5.968718455414025,85.608,84.94,85.47999999999999,1.6880000000000024,1.019999999999996,16.08,3,2,66,66,66,"[4, 2, 33, 11, 16]","[4, 2, 33, 11, 16]",0.4484848484848485,1.0,1.0,1.0,0.0,0.0,0.0,0.0,0.0,0.0,0.0,0.0,0.0,1.0,1.0,1.0,0.0,1.0,1.0,1.0,0.0,1.0,1.0,1.0,20,20.0,1.0,2870,2870,False,7.9624156801210635,11.0,11.0,1.8323183344213658,11,1.8323183344213656,0.13424965421853385,0.08333333333333333,20,1.0,1.0,1.0,0.0,1.0,1.0,1.0,1.0,1.0,1.0,143.5,0.8180158135422732,143.5,0.29444444444444445,1.0,-2.5137900010242196,1.636286044428987,0.23333333333333334,0.9508196721311475,-3.1399331309044634,1.443992462088071,0.3055555555555556,0.9393939393939394,-2.086493168365102,1.636286044428987
243.0,1.0,arm_B_low_tree_count,mb0243_base03_random_sc_seed92_rw8028881,multibase_base03_random_sc_seed92_rewire_seed8028881,base03_random_sc_seed92,random_sc,92.0,8028881.0,5.0,12.0,8.0,topologies/mb0243_base03_random_sc_seed92_rw8028881.json,/home/aadarwal/repos/topology/ICL/results/next_phase_stats/multibase_normal_fan_tree_count_n5_m12_N3_D2/topologies/mb0243_base03_random_sc_seed92_rw8028881.json,88.0,11.0,8.448309198375274,4.919916399352158,0.6919577231721344,0.40000000000000013,0.16944444444444406,0.0,1.5,3 2 3 2 2,1 2 3 3 3,0.2041241452319315,0.33333333333333337,60.0,1.7781512503836436,0.021104100233942023,0.11296243066494888,50.5,34.375,-0.6502190404152624,0.167454851071348,-0.871885382845656,8.422704235899515,8.422704235899513,5,84.6,94.6,6.406246951218786,85.636,85.67999999999999,85.91999999999999,1.0360000000000014,1.0799999999999983,15.400000000000006,3,2,60,60,60,"[28, 16, 8, 4, 4]","[28, 16, 8, 4, 4]",0.40000000000000013,1.0,1.0,1.0,0.0,0.0,0.0,0.0,0.0,0.0,0.0,0.0,0.0,1.0,1.0,1.0,0.0,1.0,1.0,1.0,0.0,1.0,1.0,1.0,20,20.0,1.0,2464,2464,False,7.80994708647679,11.0,11.0,1.7502543703978137,11,1.7502543703978137,0.1167759888690123,0.08333333333333333,20,1.0,1.0,1.0,0.0,1.0,1.0,1.0,1.0,1.0,1.0,123.2,0.8664083037424208,123.2,0.35,1.0,-3.635637657103589,1.3613616905017534,0.3055555555555556,0.8305084745762712,-2.371726561115961,1.2883227698125745,0.37777777777777777,0.9473684210526315,-3.0555033415579635,1.3613616905017534
250.0,1.0,arm_B_high_tree_count,mb0250_base03_random_sc_seed92_rw5413294,multibase_base03_random_sc_seed92_rewire_seed5413294,base03_random_sc_seed92,random_sc,92.0,5413294.0,5.0,12.0,8.0,topologies/mb0250_base03_random_sc_seed92_rw5413294.json,/home/aadarwal/repos/topology/ICL/results/next_phase_stats/multibase_normal_fan_tree_count_n5_m12_N3_D2/topologies/mb0250_base03_random_sc_seed92_rw5413294.json,88.0,11.0,8.971047283620495,3.7114833653366297,0.5695475184091942,0.2789473684210526,0.16502192982456143,0.0,1.45,3 2 3 2 2,1 2 3 3 3,0.2041241452319315,0.33333333333333337,76.0,1.8808135922807914,0.017871257589661772,0.08859179502721516,57.125,40.25,-0.6382110655748857,0.1734330230191896,1.2874949775478248,9.11364343546026,9.113643435460258,5,89.2,95.8,11.122589626521332,90.172,90.10000000000001,90.16,0.9719999999999942,0.9000000000000057,10.799999999999997,3,2,76,76,76,"[28, 20, 12, 9, 7]","[28, 20, 12, 9, 7]",0.2789473684210526,1.0,1.0,1.0,0.0,0.0,0.0,0.0,0.0,0.0,0.0,0.0,0.0,1.0,1.0,1.0,0.0,1.0,1.0,1.0,0.0,1.0,1.0,1.0,20,20.0,1.0,4318,4318,False,8.3707791729607,11.0,11.0,1.4996331626822637,11,1.4996331626822639,0.09126227614095916,0.08333333333333333,20,1.0,1.0,1.0,0.0,1.0,1.0,1.0,1.0,1.0,1.0,215.9,0.9377397420314403,215.9,0.4,1.0,-3.0097679335319074,1.0835389495433143,0.35,0.7818181818181819,-2.181835753855125,1.3151009542941183,0.37777777777777777,0.9636363636363636,-2.747248995450979,1.0835389495433143
285.0,1.0,arm_A_low_normal_fan,mb0285_base03_random_sc_seed92_rw6124706,multibase_base03_random_sc_seed92_rewire_seed6124706,base03_random_sc_seed92,random_sc,92.0,6124706.0,5.0,12.0,8.0,topologies/mb0285_base03_random_sc_seed92_rw6124706.json,/home/aadarwal/repos/topology/ICL/results/next_phase_stats/multibase_normal_fan_tree_count_n5_m12_N3_D2/topologies/mb0285_base03_random_sc_seed92_rw6124706.json,88.0,11.0,8.58372853448984,4.051767469373058,0.6076445132761227,0.3111111111111111,0.17592592592592604,0.0,1.45,3 2 3 2 2,1 2 3 3 3,0.2041241452319315,0.33333333333333337,63.0,1.7993405494535817,0.020208053065567434,0.09047719833443832,49.25,33.0,-3.7512877695939393,-1.3764126479484409,-0.42619365775362095,8.612885166798343,8.612885166798343,5,83.32000000000001,95.0,10.99498067301621,85.36,85.25999999999999,84.0,2.039999999999992,1.9399999999999835,16.679999999999993,3,2,63,63,63,"[28, 7, 14, 7, 7]","[28, 7, 14, 7, 7]",0.3111111111111111,1.0,1.0,1.0,0.0,0.0,0.0,0.0,0.0,0.0,0.0,0.0,0.0,1.0,1.0,1.0,0.0,1.0,1.0,1.0,0.0,1.0,1.0,1.0,20,20.0,1.0,2842,2842,False,7.952615111650999,11.0,11.0,1.594363000496102,11,1.594363000496102,0.10592998955067934,0.08333333333333333,20,1.0,1.0,1.0,0.0,1.0,1.0,1.0,1.0,1.0,1.0,142.1,0.9245669853548247,142.1,0.3611111111111111,0.828125,-2.3932554832862425,1.166861653439871,0.4111111111111111,0.7307692307692307,-2.8734801857308834,1.3094748743655225,0.29444444444444445,0.875,-2.1352635024180393,1.166861653439871
317.0,1.0,arm_A_high_normal_fan,mb0317_base03_random_sc_seed92_rw5450770,multibase_base03_random_sc_seed92_rewire_seed5450770,base03_random_sc_seed92,random_sc,92.0,5450770.0,5.0,12.0,8.0,topologies/mb0317_base03_random_sc_seed92_rw5450770.json,/home/aadarwal/repos/topology/ICL/results/next_phase_stats/multibase_normal_fan_tree_count_n5_m12_N3_D2/topologies/mb0317_base03_random_sc_seed92_rw5450770.json,88.0,11.0,8.634931625584969,3.8437204280725084,0.584751791857877,0.29538461538461536,0.1839743589743592,0.0,1.45,3 2 3 2 2,1 2 3 3 3,0.2041241452319315,0.33333333333333337,65.0,1.8129133566428555,0.022315307702014155,0.11535028980113465,53.625,35.875,0.5355398958514027,0.757785102751785,-0.14070578811892742,8.69593343999965,8.69593343999965,5,88.63999999999999,94.4,5.587700779390395,90.21199999999999,90.02000000000001,90.4,1.5720000000000027,1.3800000000000239,11.360000000000014,3,2,65,65,65,"[29, 8, 9, 7, 12]","[29, 8, 9, 7, 12]",0.29538461538461536,1.0,1.0,1.0,0.0,0.0,0.0,0.0,0.0,0.0,0.0,0.0,0.0,1.0,1.0,1.0,0.0,1.0,1.0,1.0,0.0,1.0,1.0,1.0,20,20.0,1.0,3046,3046,False,8.021912778985708,11.0,11.0,1.5258718493196908,11,1.5258718493196908,0.11503042262785734,0.08333333333333333,20,1.0,1.0,1.0,0.0,1.0,1.0,1.0,1.0,1.0,1.0,152.3,0.9370629000455404,152.3,0.31666666666666665,1.0,-3.7141312975167122,0.8724747425903462,0.3333333333333333,0.8333333333333334,-2.611966573729808,1.3826848344791716,0.3333333333333333,0.9545454545454546,-3.2277176105734253,0.8724747425903462
331.0,1.0,arm_A_low_normal_fan,mb0331_base04_cycle_chords_seed41_rw5585230,multibase_base04_cycle_chords_seed41_rewire_seed5585230,base04_cycle_chords_seed41,cycle_chords,41.0,5585230.0,5.0,12.0,8.0,topologies/mb0331_base04_cycle_chords_seed41_rw5585230.json,/home/aadarwal/repos/topology/ICL/results/next_phase_stats/multibase_normal_fan_tree_count_n5_m12_N3_D2/topologies/mb0331_base04_cycle_chords_seed41_rw5585230.json,88.0,11.0,8.376594942237352,9.086442698523939,0.9583938921575036,0.5055555555555555,0.10821759259259278,0.0,1.6,1 4 4 2 1,3 1 2 3 3,0.5651941652604391,0.33333333333333337,72.0,1.8573324964312685,0.021011109852400626,0.09298428537759171,55.625,36.5,-1.4684483833378281,-2.589591940988413,-0.9276125895432155,8.262537677266003,8.262537677266003,5,81.52000000000001,86.4,2.6095210288480173,82.816,82.6,82.03999999999999,1.2959999999999923,1.079999999999984,18.47999999999999,3,2,72,72,72,"[1, 36, 24, 3, 8]","[1, 36, 24, 3, 8]",0.5055555555555555,1.0,1.0,1.0,0.0,0.0,0.0,0.0,0.0,0.0,0.0,0.0,0.0,1.0,1.0,1.0,0.0,1.0,1.0,1.0,0.0,1.0,1.0,1.0,20,20.0,1.0,3238,3238,False,8.08301991917133,11.0,11.0,2.276233075060419,11,2.276233075060419,0.11556740676244392,0.08333333333333333,20,1.0,1.0,1.0,0.0,1.0,1.0,1.0,1.0,1.0,1.0,161.9,0.7192574901102736,161.9,0.37222222222222223,0.9491525423728814,-3.006268849562492,1.05168426567143,0.40555555555555556,1.0,-3.1864132712567645,1.3926497685309842,0.35,0.847457627118644,-2.661756414037738,1.05168426567143
347.0,1.0,arm_A_low_normal_fan,mb0347_base04_cycle_chords_seed41_rw3434009,multibase_base04_cycle_chords_seed41_rewire_seed3434009,base04_cycle_chords_seed41,cycle_chords,41.0,3434009.0,5.0,12.0,8.0,topologies/mb0347_base04_cycle_chords_seed41_rw3434009.json,/home/aadarwal/repos/topology/ICL/results/next_phase_stats/multibase_normal_fan_tree_count_n5_m12_N3_D2/topologies/mb0347_base04_cycle_chords_seed41_rw3434009.json,88.0,11.0,8.476975909374497,9.374335166586281,0.9719404770694849,0.5076923076923077,0.08012820512820507,0.0,1.6,1 4 4 2 1,3 1 2 3 3,0.5651941652604391,0.33333333333333337,78.0,1.8920946026904804,0.011719457139256265,0.09790659703773483,59.625,38.75,0.3532119162870548,-1.0172925232616055,1.0780362527123857,8.35060360430428,8.35060360430428,5,77.72,87.0,8.863046880164855,79.664,79.14000000000001,77.91999999999999,1.9440000000000026,1.420000000000016,22.28,3,2,78,78,78,"[3, 39, 26, 9, 1]","[3, 39, 26, 9, 1]",0.5076923076923077,1.0,1.0,1.0,0.0,0.0,0.0,0.0,0.0,0.0,0.0,0.0,0.0,1.0,1.0,1.0,0.0,1.0,1.0,1.0,0.0,1.0,1.0,1.0,20,20.0,1.0,3796,3796,False,8.241966560231802,11.0,11.0,2.301549408787976,11,2.301549408787976,0.10103013530135319,0.08333333333333333,20,1.0,1.0,1.0,0.0,1.0,1.0,1.0,1.0,1.0,1.0,189.8,0.7129679891937433,189.8,0.3,1.0,-3.6428350112666323,1.162860056916012,0.3055555555555556,0.9242424242424242,-3.8338243332551216,1.1330646711804504,0.31666666666666665,0.9393939393939394,-3.822318065152017,1.162860056916012
354.0,1.0,arm_A_high_normal_fan,mb0354_base04_cycle_chords_seed41_rw7178112,multibase_base04_cycle_chords_seed41_rewire_seed7178112,base04_cycle_chords_seed41,cycle_chords,41.0,7178112.0,5.0,12.0,8.0,topologies/mb0354_base04_cycle_chords_seed41_rw7178112.json,/home/aadarwal/repos/topology/ICL/results/next_phase_stats/multibase_normal_fan_tree_count_n5_m12_N3_D2/topologies/mb0354_base04_cycle_chords_seed41_rw7178112.json,88.0,11.0,8.376594942237352,9.086442698523944,0.9583938921575038,0.5055555555555555,0.10821759259259278,0.0,1.6,1 4 4 2 1,3 1 2 3 3,0.5651941652604391,0.33333333333333337,72.0,1.8573324964312685,0.02111003210959439,0.11316264892742439,59.625,40.0,2.4178254002987964,0.7647030438652809,-0.9276125895432155,8.262537677266009,8.262537677266007,5,79.96000000000001,87.2,9.03539705823712,82.47200000000001,81.7,81.28,2.5120000000000005,1.7399999999999949,20.039999999999992,3,2,72,72,72,"[1, 36, 24, 3, 8]","[1, 36, 24, 3, 8]",0.5055555555555555,1.0,1.0,1.0,0.0,0.0,0.0,0.0,0.0,0.0,0.0,0.0,0.0,1.0,1.0,1.0,0.0,1.0,1.0,1.0,0.0,1.0,1.0,1.0,20,20.0,1.0,3238,3238,False,8.08301991917133,11.0,11.0,2.276233075060418,11,2.276233075060418,0.11556740676244392,0.08333333333333333,20,1.0,1.0,1.0,0.0,1.0,1.0,1.0,1.0,1.0,1.0,161.9,0.7192574901102736,161.9,0.3333333333333333,0.9836065573770492,-3.5259362807833505,0.7904265887683717,0.37222222222222223,0.9836065573770492,-2.971083807895699,1.6172266469535488,0.37777777777777777,0.9016393442622951,-2.8807307210480912,0.7904265887683717
381.0,1.0,arm_A_high_normal_fan,mb0381_base04_cycle_chords_seed41_rw1669227,multibase_base04_cycle_chords_seed41_rewire_seed1669227,base04_cycle_chords_seed41,cycle_chords,41.0,1669227.0,5.0,12.0,8.0,topologies/mb0381_base04_cycle_chords_seed41_rw1669227.json,/home/aadarwal/repos/topology/ICL/results/next_phase_stats/multibase_normal_fan_tree_count_n5_m12_N3_D2/topologies/mb0381_base04_cycle_chords_seed41_rw1669227.json,88.0,11.0,8.476975909374497,9.374335166586382,0.9719404770694896,0.5076923076923077,0.08012820512820507,0.0,1.6,1 4 4 2 1,3 1 2 3 3,0.5651941652604391,0.33333333333333337,78.0,1.8920946026904804,0.01788703552171126,0.12180466460119255,63.125,42.375,4.61324931941978,2.659602850601058,1.0780362527123857,8.350603604304277,8.350603604304277,5,82.64,89.8,6.545105041173902,84.208,83.32,83.84,1.5679999999999978,0.6799999999999926,17.36,3,2,78,78,78,"[3, 39, 26, 9, 1]","[3, 39, 26, 9, 1]",0.5076923076923077,1.0,1.0,1.0,0.0,0.0,0.0,0.0,0.0,0.0,0.0,0.0,0.0,1.0,1.0,1.0,0.0,1.0,1.0,1.0,0.0,1.0,1.0,1.0,20,20.0,1.0,3796,3796,False,8.241966560231802,11.0,11.0,2.3015494087879778,11,2.3015494087879778,0.10103013530135319,0.08333333333333333,20,1.0,1.0,1.0,0.0,1.0,1.0,1.0,1.0,1.0,1.0,189.8,0.7129679891937433,189.8,0.3,0.9733333333333334,-4.333094457231882,1.0264142989767608,0.26666666666666666,0.9733333333333334,-3.8508625225353077,1.0922935817618982,0.3333333333333333,0.8666666666666667,-3.9381915019568416,1.0264142989767608
401.0,1.0,arm_B_low_tree_count,mb0401_base05_redundant_paths_seed1_rw2474930,multibase_base05_redundant_paths_seed1_rewire_seed2474930,base05_redundant_paths_seed1,redundant_paths,1.0,2474930.0,5.0,12.0,8.0,topologies/mb0401_base05_redundant_paths_seed1_rw2474930.json,/home/aadarwal/repos/topology/ICL/results/next_phase_stats/multibase_normal_fan_tree_count_n5_m12_N3_D2/topologies/mb0401_base05_redundant_paths_seed1_rw2474930.json,88.0,11.0,8.809708901937443,3.577730607054506,0.5536076363223801,0.17142857142857149,0.12716450216450226,0.0,1.4,2 2 3 3 2,3 3 2 2 2,0.2041241452319315,0.2041241452319315,77.0,1.8864907251724818,0.01581750275328598,0.11884966093720253,61.25,39.75,3.2315556522193387,0.6952666997414166,-0.14544279414122444,8.963236268649782,8.963236268649784,5,94.32000000000001,96.4,2.691022110648667,94.78000000000002,94.70000000000002,93.96,0.46000000000000796,0.38000000000000966,5.679999999999993,3,2,77,77,77,"[11, 11, 22, 22, 11]","[11, 11, 22, 22, 11]",0.17142857142857149,1.0,1.0,1.0,0.0,0.0,0.0,0.0,0.0,0.0,0.0,0.0,0.0,1.0,1.0,1.0,0.0,1.0,1.0,1.0,0.0,1.0,1.0,1.0,20,20.0,1.0,4598,4598,False,8.433594167539924,11.0,11.0,1.476342678713552,11,1.4763426787135523,0.07749443914839538,0.16666666666666666,20,1.0,1.0,1.0,0.0,1.0,1.0,1.0,1.0,1.0,1.0,229.9,0.9707000770001367,229.9,0.4,1.0,-2.9151004279420163,1.402533786447562,0.39444444444444443,0.6612903225806451,-2.2506121469663065,1.5637354959511847,0.42777777777777776,0.9444444444444444,-2.772243517261962,1.402533786447562
408.0,1.0,arm_B_low_tree_count,mb0408_base05_redundant_paths_seed1_rw3958626,multibase_base05_redundant_paths_seed1_rewire_seed3958626,base05_redundant_paths_seed1,redundant_paths,1.0,3958626.0,5.0,12.0,8.0,topologies/mb0408_base05_redundant_paths_seed1_rw3958626.json,/home/aadarwal/repos/topology/ICL/results/next_phase_stats/multibase_normal_fan_tree_count_n5_m12_N3_D2/topologies/mb0408_base05_redundant_paths_seed1_rw3958626.json,88.0,11.0,8.638494612577873,3.7139801534641514,0.5698395786541565,0.17142857142857149,0.11130952380952408,0.0,1.4,2 2 3 3 2,3 3 2 2 2,0.2041241452319315,0.2041241452319315,70.0,1.845098040014257,0.02182940934794146,0.12031685176148091,56.25,36.875,1.7864624290304016,-0.02068182223197426,-1.0743224960300026,8.7649532588598,8.7649532588598,5,87.2,96.0,9.784068683323927,87.22,86.7,87.16,0.01999999999999602,-0.5,12.799999999999997,3,2,70,70,70,"[10, 10, 20, 20, 10]","[10, 10, 20, 20, 10]",0.17142857142857149,1.0,1.0,1.0,0.0,0.0,0.0,0.0,0.0,0.0,0.0,0.0,0.0,1.0,1.0,1.0,0.0,1.0,1.0,1.0,0.0,1.0,1.0,1.0,20,20.0,1.0,3800,3800,False,8.24301946898925,11.0,11.0,1.4998559936114113,11,1.4998559936114113,0.07100177981184852,0.25,20,1.0,1.0,1.0,0.0,1.0,1.0,1.0,1.0,1.0,1.0,190.0,0.9707000770001367,190.0,0.31666666666666665,1.0,-6.490105043145692,1.6851236962007803,0.25555555555555554,0.7894736842105263,-2.245210043680557,1.7367215215523835,0.31666666666666665,1.0,-5.524195063159723,1.6851236962007803
422.0,1.0,arm_B_high_tree_count,mb0422_base05_redundant_paths_seed1_rw5618073,multibase_base05_redundant_paths_seed1_rewire_seed5618073,base05_redundant_paths_seed1,redundant_paths,1.0,5618073.0,5.0,12.0,8.0,topologies/mb0422_base05_redundant_paths_seed1_rw5618073.json,/home/aadarwal/repos/topology/ICL/results/next_phase_stats/multibase_normal_fan_tree_count_n5_m12_N3_D2/topologies/mb0422_base05_redundant_paths_seed1_rw5618073.json,88.0,11.0,8.930546718084331,3.528172138989254,0.5475497661393125,0.14634146341463428,0.128048780487805,0.0,1.4,2 2 3 3 2,3 3 2 2 2,0.2041241452319315,0.2041241452319315,82.0,1.9138138523837167,0.012678321285221741,0.10394742203730994,60.375,40.875,1.7597991728217748,-0.03389170970998674,0.46770656211883693,9.102647298864987,9.102647298864987,5,93.56,95.6,1.2986146464598338,94.824,93.88000000000001,94.16,1.2639999999999958,0.3200000000000074,6.439999999999998,3,2,82,82,82,"[10, 14, 22, 20, 16]","[10, 14, 22, 20, 16]",0.14634146341463428,1.0,1.0,1.0,0.0,0.0,0.0,0.0,0.0,0.0,0.0,0.0,0.0,1.0,1.0,1.0,0.0,1.0,1.0,1.0,0.0,1.0,1.0,1.0,20,20.0,1.0,5288,5288,False,8.57338447106598,11.0,11.0,1.4581499479823343,11,1.4581499479823343,0.07653296449976965,0.25,20,1.0,1.0,1.0,0.0,1.0,1.0,1.0,1.0,1.0,1.0,264.4,0.981545969687665,264.4,0.35555555555555557,1.0,-4.869156737405048,1.3820107066882286,0.3,0.7358490566037735,-2.334262925759583,1.3451834729310663,0.34444444444444444,1.0,-4.252187393993463,1.3820107066882286
429.0,1.0,arm_A_high_normal_fan,mb0429_base05_redundant_paths_seed1_rw2766586,multibase_base05_redundant_paths_seed1_rewire_seed2766586,base05_redundant_paths_seed1,redundant_paths,1.0,2766586.0,5.0,12.0,8.0,topologies/mb0429_base05_redundant_paths_seed1_rw2766586.json,/home/aadarwal/repos/topology/ICL/results/next_phase_stats/multibase_normal_fan_tree_count_n5_m12_N3_D2/topologies/mb0429_base05_redundant_paths_seed1_rw2766586.json,88.0,11.0,9.030370659559935,3.3390188131595377,0.5236188660230311,0.14222222222222225,0.11759259259259247,0.0,1.4,2 2 3 3 2,3 3 2 2 2,0.2041241452319315,0.2041241452319315,90.0,1.954242509439325,0.023410560517137795,0.13549861921158374,68.125,42.25,6.879477559985576,2.502571762300777,1.3749528248347755,9.210981847615384,9.210981847615383,5,96.35999999999999,98.6,1.3937001112147465,97.16,97.0,97.12,0.8000000000000114,0.6400000000000148,3.640000000000015,3,2,90,90,90,"[12, 14, 24, 22, 18]","[12, 14, 24, 22, 18]",0.14222222222222225,1.0,1.0,1.0,0.0,0.0,0.0,0.0,0.0,0.0,0.0,0.0,0.0,1.0,1.0,1.0,0.0,1.0,1.0,1.0,0.0,1.0,1.0,1.0,20,20.0,1.0,6376,6376,False,8.760453046315272,11.0,11.0,1.4165480023243608,11,1.4165480023243608,0.07652087626898707,0.16666666666666666,20,1.0,1.0,1.0,0.0,1.0,1.0,1.0,1.0,1.0,1.0,318.8,0.9831883032609129,318.8,0.2833333333333333,1.0,-4.671165227044293,1.8879316301276867,0.32222222222222224,0.8285714285714286,-2.1479994150165216,2.1565470852998825,0.31666666666666665,1.0,-4.100766849081156,1.8879316301276867
444.0,1.0,arm_A_high_normal_fan,mb0444_base05_redundant_paths_seed1_rw3112337,multibase_base05_redundant_paths_seed1_rewire_seed3112337,base05_redundant_paths_seed1,redundant_paths,1.0,3112337.0,5.0,12.0,8.0,topologies/mb0444_base05_redundant_paths_seed1_rw3112337.json,/home/aadarwal/repos/topology/ICL/results/next_phase_stats/multibase_normal_fan_tree_count_n5_m12_N3_D2/topologies/mb0444_base05_redundant_paths_seed1_rw3112337.json,88.0,11.0,8.923978353265884,3.5835879080300272,0.5543180624972252,0.15000000000000013,0.12187499999999951,0.0,1.4,2 2 3 3 2,3 3 2 2 2,0.2041241452319315,0.2041241452319315,80.0,1.9030899869919435,0.016469014004163653,0.11672093087206731,62.125,40.25,3.274699160944683,0.7166414669944894,0.22705580824460286,9.069864793201104,9.069864793201102,5,95.03999999999999,97.8,2.5342454498331435,96.20400000000001,94.54,95.75999999999999,1.1640000000000157,-0.4999999999999858,4.960000000000008,3,2,80,80,80,"[10, 10, 20, 20, 20]","[10, 10, 20, 20, 20]",0.15000000000000013,1.0,1.0,1.0,0.0,0.0,0.0,0.0,0.0,0.0,0.0,0.0,0.0,1.0,1.0,1.0,0.0,1.0,1.0,1.0,0.0,1.0,1.0,1.0,20,20.0,1.0,5000,5000,False,8.517393171418904,11.0,11.0,1.4782890706271627,11,1.4782890706271625,0.0753181774021181,0.25,20,1.0,1.0,1.0,0.0,1.0,1.0,1.0,1.0,1.0,1.0,250.0,0.9726807335706693,250.0,0.2777777777777778,1.0,-3.584573110762554,1.9929382956042232,0.3111111111111111,0.796875,-2.055748338179795,1.5437095432133783,0.2611111111111111,1.0,-3.1457955775885607,1.9929382956042232
455.0,1.0,arm_A_low_normal_fan;arm_B_high_tree_count,mb0455_base05_redundant_paths_seed1_rw6331647,multibase_base05_redundant_paths_seed1_rewire_seed6331647,base05_redundant_paths_seed1,redundant_paths,1.0,6331647.0,5.0,12.0,8.0,topologies/mb0455_base05_redundant_paths_seed1_rw6331647.json,/home/aadarwal/repos/topology/ICL/results/next_phase_stats/multibase_normal_fan_tree_count_n5_m12_N3_D2/topologies/mb0455_base05_redundant_paths_seed1_rw6331647.json,88.0,11.0,9.030370659559939,3.3390188131595395,0.5236188660230313,0.14222222222222225,0.11759259259259247,0.0,1.4,2 2 3 3 2,3 3 2 2 2,0.2041241452319315,0.2041241452319315,90.0,1.954242509439325,0.01343617709963731,0.1076469176235285,66.5,41.625,3.339175495818843,0.7485852446793293,1.3749528248347755,9.210981847615384,9.210981847615383,5,96.12,97.6,0.8726969691708563,96.58800000000001,95.96000000000001,96.24000000000001,0.4680000000000035,-0.1599999999999966,3.8799999999999955,3,2,90,90,90,"[12, 14, 22, 24, 18]","[12, 14, 22, 24, 18]",0.14222222222222225,1.0,1.0,1.0,0.0,0.0,0.0,0.0,0.0,0.0,0.0,0.0,0.0,1.0,1.0,1.0,0.0,1.0,1.0,1.0,0.0,1.0,1.0,1.0,20,20.0,1.0,6376,6376,False,8.760453046315272,11.0,11.0,1.4165480023243606,11,1.4165480023243606,0.07652087626898707,0.16666666666666666,20,1.0,1.0,1.0,0.0,1.0,1.0,1.0,1.0,1.0,1.0,318.8,0.9831883032609129,318.8,0.35555555555555557,1.0,-2.6206279073351957,1.671690168375386,0.31666666666666665,0.7258064516129032,-2.1884070308333636,1.7762518084867729,0.3888888888888889,0.9516129032258065,-2.3481735212974684,1.671690168375386
464.0,1.0,arm_A_high_normal_fan,mb0464_base05_redundant_paths_seed1_rw1979299,multibase_base05_redundant_paths_seed1_rewire_seed1979299,base05_redundant_paths_seed1,redundant_paths,1.0,1979299.0,5.0,12.0,8.0,topologies/mb0464_base05_redundant_paths_seed1_rw1979299.json,/home/aadarwal/repos/topology/ICL/results/next_phase_stats/multibase_normal_fan_tree_count_n5_m12_N3_D2/topologies/mb0464_base05_redundant_paths_seed1_rw1979299.json,88.0,11.0,8.930546718084331,3.5281721389892544,0.5475497661393126,0.14634146341463428,0.128048780487805,0.0,1.4,2 2 3 3 2,3 3 2 2 2,0.2041241452319315,0.2041241452319315,82.0,1.9138138523837167,0.018998046155402515,0.11517484947108322,64.5,42.25,4.050410683091034,1.1009554398556007,0.46770656211883693,9.102647298864982,9.102647298864984,5,90.67999999999999,99.0,10.36810493774055,91.76399999999998,91.46000000000001,91.16,1.083999999999989,0.7800000000000153,9.320000000000007,3,2,82,82,82,"[14, 10, 20, 22, 16]","[14, 10, 20, 22, 16]",0.14634146341463428,1.0,1.0,1.0,0.0,0.0,0.0,0.0,0.0,0.0,0.0,0.0,0.0,1.0,1.0,1.0,0.0,1.0,1.0,1.0,0.0,1.0,1.0,1.0,20,20.0,1.0,5288,5288,False,8.57338447106598,11.0,11.0,1.4581499479823348,11,1.4581499479823345,0.07653296449976965,0.25,20,1.0,1.0,1.0,0.0,1.0,1.0,1.0,1.0,1.0,1.0,264.4,0.981545969687665,264.4,0.34444444444444444,0.8793103448275862,-1.9505002123909143,1.3771558456222683,0.36666666666666664,0.6666666666666666,-2.110670840762706,1.8261158418146415,0.34444444444444444,0.7931034482758621,-2.086400383345651,1.3771558456222683
471.0,1.0,arm_A_low_normal_fan,mb0471_base05_redundant_paths_seed1_rw2745363,multibase_base05_redundant_paths_seed1_rewire_seed2745363,base05_redundant_paths_seed1,redundant_paths,1.0,2745363.0,5.0,12.0,8.0,topologies/mb0471_base05_redundant_paths_seed1_rw2745363.json,/home/aadarwal/repos/topology/ICL/results/next_phase_stats/multibase_normal_fan_tree_count_n5_m12_N3_D2/topologies/mb0471_base05_redundant_paths_seed1_rw2745363.json,88.0,11.0,8.823847727325367,3.7158467184667225,0.5700577907099037,0.1692307692307693,0.12553418803418803,0.0,1.4,2 2 3 3 2,3 3 2 2 2,0.2041241452319315,0.2041241452319315,78.0,1.8920946026904804,0.018227084453015886,0.09054008125278012,58.0,40.375,-0.24901112660166302,-1.0291249180032198,-0.019688012627482473,8.966546296113718,8.966546296113718,5,91.36000000000001,96.2,6.497260961359028,92.212,92.02000000000001,91.44000000000001,0.8519999999999897,0.6599999999999966,8.639999999999986,3,2,78,78,78,"[9, 12, 21, 21, 15]","[9, 12, 21, 21, 15]",0.1692307692307693,1.0,1.0,1.0,0.0,0.0,0.0,0.0,0.0,0.0,0.0,0.0,0.0,1.0,1.0,1.0,0.0,1.0,1.0,1.0,0.0,1.0,1.0,1.0,20,20.0,1.0,4752,4752,False,8.46653127661401,11.0,11.0,1.518749726524938,11,1.518749726524938,0.07955184219939704,0.08333333333333333,20,1.0,1.0,1.0,0.0,1.0,1.0,1.0,1.0,1.0,1.0,237.6,0.9744167201579633,237.6,0.3611111111111111,1.0,-4.1659593264596,1.5579635058773909,0.34444444444444444,0.8653846153846154,-2.0132969598397485,1.8184756812529599,0.36666666666666664,0.9038461538461539,-3.129326311963801,1.5579635058773909
475.0,1.0,arm_A_low_normal_fan,mb0475_base05_redundant_paths_seed1_rw4566505,multibase_base05_redundant_paths_seed1_rewire_seed4566505,base05_redundant_paths_seed1,redundant_paths,1.0,4566505.0,5.0,12.0,8.0,topologies/mb0475_base05_redundant_paths_seed1_rw4566505.json,/home/aadarwal/repos/topology/ICL/results/next_phase_stats/multibase_normal_fan_tree_count_n5_m12_N3_D2/topologies/mb0475_base05_redundant_paths_seed1_rw4566505.json,88.0,11.0,8.930546718084335,3.528172138989252,0.5475497661393123,0.14634146341463428,0.128048780487805,0.0,1.4,2 2 3 3 2,3 3 2 2 2,0.2041241452319315,0.2041241452319315,82.0,1.9138138523837167,0.015062606997638655,0.09620120882188568,59.25,40.125,0.5037242432650099,-0.6561941154464926,0.46770656211883693,9.102647298864987,9.102647298864987,5,93.55999999999999,97.6,3.4044676529525146,94.32000000000001,93.92,93.63999999999999,0.7600000000000193,0.36000000000001364,6.440000000000012,3,2,82,82,82,"[10, 14, 20, 22, 16]","[10, 14, 20, 22, 16]",0.14634146341463428,1.0,1.0,1.0,0.0,0.0,0.0,0.0,0.0,0.0,0.0,0.0,0.0,1.0,1.0,1.0,0.0,1.0,1.0,1.0,0.0,1.0,1.0,1.0,20,20.0,1.0,5288,5288,False,8.57338447106598,11.0,11.0,1.458149947982335,11,1.458149947982335,0.07653296449976965,0.25,20,1.0,1.0,1.0,0.0,1.0,1.0,1.0,1.0,1.0,1.0,264.4,0.981545969687665,264.4,0.3333333333333333,1.0,-4.019435316589282,2.13161269860744,0.37222222222222223,0.6530612244897959,-1.7352163799011635,1.5287327004988958,0.3333333333333333,0.9852941176470589,-3.3799782971902737,2.13161269860744
485.0,1.0,arm_A_high_normal_fan,mb0485_base06_two_module_seed2_rw4327906,multibase_base06_two_module_seed2_rewire_seed4327906,base06_two_module_seed2,two_module,2.0,4327906.0,5.0,12.0,8.0,topologies/mb0485_base06_two_module_seed2_rw4327906.json,/home/aadarwal/repos/topology/ICL/results/next_phase_stats/multibase_normal_fan_tree_count_n5_m12_N3_D2/topologies/mb0485_base06_two_module_seed2_rw4327906.json,88.0,11.0,8.449652913689357,3.717615893810277,0.5702645162007841,0.1692307692307693,0.22596153846153832,0.0,1.4,2 3 3 2 2,1 2 4 2 3,0.2041241452319315,0.4249182927993988,52.0,1.7160033436347992,0.02198861041795183,0.10776236516114038,46.375,33.25,-2.195881854685239,0.6802079504682321,-0.3800704989967445,8.486620686022304,8.486620686022304,5,85.52000000000001,94.8,7.564760405987749,87.7,86.91999999999999,87.8,2.1799999999999926,1.3999999999999773,14.47999999999999,3,2,52,52,52,"[16, 12, 9, 8, 7]","[16, 12, 9, 8, 7]",0.1692307692307693,1.0,1.0,1.0,0.0,0.0,0.0,0.0,0.0,0.0,0.0,0.0,0.0,1.0,1.0,1.0,0.0,1.0,1.0,1.0,0.0,1.0,1.0,1.0,20,20.0,1.0,2110,2110,False,7.65491704784832,11.0,11.0,1.5990981997662868,11,1.5990981997662868,0.10811387466471589,0.08333333333333333,20,1.0,1.0,1.0,0.0,1.0,1.0,1.0,1.0,1.0,1.0,105.5,0.9778271393800819,105.5,0.37222222222222223,0.8382352941176471,-2.151891051148526,1.209808537904436,0.4388888888888889,0.7169811320754716,-2.515349662638965,1.5087048209896219,0.37777777777777777,0.75,-2.2136820323118838,1.209808537904436
523.0,1.0,arm_B_low_tree_count,mb0523_base06_two_module_seed2_rw5835889,multibase_base06_two_module_seed2_rewire_seed5835889,base06_two_module_seed2,two_module,2.0,5835889.0,5.0,12.0,8.0,topologies/mb0523_base06_two_module_seed2_rw5835889.json,/home/aadarwal/repos/topology/ICL/results/next_phase_stats/multibase_normal_fan_tree_count_n5_m12_N3_D2/topologies/mb0523_base06_two_module_seed2_rw5835889.json,88.0,11.0,8.570256612251077,4.000295921196305,0.6020921193752142,0.22456140350877196,0.22441520467836273,0.0,1.4,2 3 3 2 2,1 2 4 2 3,0.2041241452319315,0.4249182927993988,57.0,1.7558748556724915,0.02223411394409343,0.1077150585143148,48.125,33.875,-1.7486853295547715,0.8636540180589123,0.19439662987476797,8.56860294451822,8.56860294451822,5,81.24000000000001,97.4,10.567421634438556,82.232,81.72,81.0,0.9919999999999902,0.47999999999998977,18.75999999999999,3,2,57,57,57,"[21, 12, 9, 8, 7]","[21, 12, 9, 8, 7]",0.22456140350877196,1.0,1.0,1.0,0.0,0.0,0.0,0.0,0.0,0.0,0.0,0.0,0.0,1.0,1.0,1.0,0.0,1.0,1.0,1.0,0.0,1.0,1.0,1.0,20,20.0,1.0,2470,2470,False,7.81237820598861,11.0,11.0,1.6298370750298548,11,1.629837075029855,0.12221877263789716,0.08333333333333333,20,1.0,1.0,1.0,0.0,1.0,1.0,1.0,1.0,1.0,1.0,123.5,0.9619265718236807,123.5,0.4444444444444444,0.9019607843137255,-2.111063833187075,0.9763785450366146,0.3277777777777778,0.7714285714285715,-2.651470121494006,1.7663410847472645,0.37777777777777777,0.8235294117647058,-2.2545704029070768,0.9763785450366146
535.0,1.0,arm_A_low_normal_fan,mb0535_base06_two_module_seed2_rw5026718,multibase_base06_two_module_seed2_rewire_seed5026718,base06_two_module_seed2,two_module,2.0,5026718.0,5.0,12.0,8.0,topologies/mb0535_base06_two_module_seed2_rw5026718.json,/home/aadarwal/repos/topology/ICL/results/next_phase_stats/multibase_normal_fan_tree_count_n5_m12_N3_D2/topologies/mb0535_base06_two_module_seed2_rw5026718.json,88.0,11.0,8.45939690020172,4.007659889442058,0.6028908579674706,0.16000000000000014,0.23416666666666686,0.0,1.4,2 3 3 2 2,1 2 4 2 3,0.2041241452319315,0.4249182927993988,50.0,1.6989700043360187,0.011603892014823638,0.07926131378284473,41.625,31.25,-6.691729451683461,-1.1640495868990748,-0.625486161006614,8.449182540926865,8.449182540926865,5,82.8,94.2,9.685453009539613,84.26,83.68,83.75999999999999,1.460000000000008,0.8800000000000097,17.200000000000003,3,2,50,50,50,"[14, 12, 8, 10, 6]","[14, 12, 8, 10, 6]",0.16000000000000014,1.0,1.0,1.0,0.0,0.0,0.0,0.0,0.0,0.0,0.0,0.0,0.0,1.0,1.0,1.0,0.0,1.0,1.0,1.0,0.0,1.0,1.0,1.0,20,20.0,1.0,1960,1960,False,7.581209826196346,11.0,11.0,1.6504835751476559,11,1.6504835751476559,0.10708630245447348,0.25,20,1.0,1.0,1.0,0.0,1.0,1.0,1.0,1.0,1.0,1.0,98.0,0.9786481654000283,98.0,0.3055555555555556,1.0,-3.38162238235444,0.9074817829510246,0.4,0.6896551724137931,-2.3648116733138256,1.845405238200584,0.34444444444444444,0.9824561403508771,-3.0702701266201786,2.1339169628774113
546.0,1.0,arm_B_high_tree_count,mb0546_base06_two_module_seed2_rw3200844,multibase_base06_two_module_seed2_rewire_seed3200844,base06_two_module_seed2,two_module,2.0,3200844.0,5.0,12.0,8.0,topologies/mb0546_base06_two_module_seed2_rw3200844.json,/home/aadarwal/repos/topology/ICL/results/next_phase_stats/multibase_normal_fan_tree_count_n5_m12_N3_D2/topologies/mb0546_base06_two_module_seed2_rw3200844.json,88.0,11.0,8.843561845797694,3.5607801297206376,0.551545157780656,0.17142857142857149,0.22817460317460325,0.0,1.45,2 3 3 2 2,1 2 4 2 3,0.2041241452319315,0.4249182927993988,63.0,1.7993405494535817,0.016950195907556326,0.0937350618653407,49.0,33.375,-3.3177870130551677,0.21998726907403107,0.8206485835811239,8.940516450732273,8.940516450732272,5,89.0,95.2,5.200000000000004,90.112,90.4,90.2,1.1119999999999948,1.4000000000000057,11.0,3,2,63,63,63,"[18, 18, 9, 9, 9]","[18, 18, 9, 9, 9]",0.17142857142857149,1.0,1.0,1.0,0.0,0.0,0.0,0.0,0.0,0.0,0.0,0.0,0.0,1.0,1.0,1.0,0.0,1.0,1.0,1.0,0.0,1.0,1.0,1.0,20,20.0,1.0,3078,3078,False,8.0323601479245,11.0,11.0,1.461586389867261,11,1.4615863898672612,0.11066885687810646,0.25,20,1.0,1.0,1.0,0.0,1.0,1.0,1.0,1.0,1.0,1.0,153.9,0.9707000770001367,153.9,0.3388888888888889,1.0,-1.882568991162983,2.163636820874992,0.32222222222222224,0.9322033898305084,-2.6766260832030517,1.6434393047197737,0.3277777777777778,0.9830508474576272,-1.5626225202502946,2.163636820874992
557.0,1.0,arm_B_low_tree_count,mb0557_base06_two_module_seed2_rw802857,multibase_base06_two_module_seed2_rewire_seed802857,base06_two_module_seed2,two_module,2.0,802857.0,5.0,12.0,8.0,topologies/mb0557_base06_two_module_seed2_rw802857.json,/home/aadarwal/repos/topology/ICL/results/next_phase_stats/multibase_normal_fan_tree_count_n5_m12_N3_D2/topologies/mb0557_base06_two_module_seed2_rw802857.json,88.0,11.0,8.45939690020172,4.007659889442062,0.602890857967471,0.16000000000000014,0.23416666666666686,0.0,1.4,2 3 3 2 2,1 2 4 2 3,0.2041241452319315,0.4249182927993988,50.0,1.6989700043360187,0.023078080714169977,0.10563192838994187,44.0,31.5,-3.309230843088888,0.22349712580534978,-0.625486161006614,8.449182540926861,8.449182540926861,5,91.43999999999998,98.2,4.861933771659175,93.02799999999999,92.66,93.03999999999999,1.588000000000008,1.220000000000013,8.560000000000016,3,2,50,50,50,"[14, 12, 8, 10, 6]","[14, 12, 8, 10, 6]",0.16000000000000014,1.0,1.0,1.0,0.0,0.0,0.0,0.0,0.0,0.0,0.0,0.0,0.0,1.0,1.0,1.0,0.0,1.0,1.0,1.0,0.0,1.0,1.0,1.0,20,20.0,1.0,1960,1960,False,7.581209826196346,11.0,11.0,1.6504835751476554,11,1.6504835751476556,0.10708630245447348,0.25,20,1.0,1.0,1.0,0.0,1.0,1.0,1.0,1.0,1.0,1.0,98.0,0.9786481654000283,98.0,0.3111111111111111,0.9655172413793104,-1.745450653071351,0.8468788125757821,0.3,0.8275862068965517,-2.7348128990507927,1.907576776326318,0.28888888888888886,0.8793103448275862,-1.5856161550431163,0.8468788125757821
558.0,1.0,arm_B_high_tree_count,mb0558_base06_two_module_seed2_rw4778881,multibase_base06_two_module_seed2_rewire_seed4778881,base06_two_module_seed2,two_module,2.0,4778881.0,5.0,12.0,8.0,topologies/mb0558_base06_two_module_seed2_rw4778881.json,/home/aadarwal/repos/topology/ICL/results/next_phase_stats/multibase_normal_fan_tree_count_n5_m12_N3_D2/topologies/mb0558_base06_two_module_seed2_rw4778881.json,88.0,11.0,8.874806160716519,3.5545935061334837,0.5507899431425836,0.2028985507246377,0.2246376811594204,0.0,1.4,2 3 3 2 2,1 2 4 2 3,0.2041241452319315,0.4249182927993988,69.0,1.8388490907372552,0.016862397225950777,0.08951644430436553,54.375,37.75,-1.686404016911261,0.889202655507525,1.3898860445451757,8.998122421406586,8.998122421406586,5,94.83999999999999,97.6,1.8863721796082535,95.78,94.97999999999999,95.56,0.9400000000000119,0.14000000000000057,5.160000000000011,3,2,69,69,69,"[24, 15, 9, 10, 11]","[24, 15, 9, 10, 11]",0.2028985507246377,1.0,1.0,1.0,0.0,0.0,0.0,0.0,0.0,0.0,0.0,0.0,0.0,1.0,1.0,1.0,0.0,1.0,1.0,1.0,0.0,1.0,1.0,1.0,20,20.0,1.0,3658,3658,False,8.204945165019208,11.0,11.0,1.4623731934840718,11,1.4623731934840718,0.12104391344188348,0.08333333333333333,20,1.0,1.0,1.0,0.0,1.0,1.0,1.0,1.0,1.0,1.0,182.9,0.9683252677088235,182.9,0.35,1.0,-4.438668318539923,1.2034342747711144,0.2111111111111111,0.9508196721311475,-2.1722697910134574,0.9828809293177947,0.3,0.9016393442622951,-3.634298262514425,1.2034342747711144
